
--
-- Структура таблицы `da_migration`
--

CREATE TABLE IF NOT EXISTS `da_migration` (
  `version` varchar(255) NOT NULL,
  `apply_time` int(11) default NULL,
  PRIMARY KEY  (`version`)
) ENGINE=InnoDB DEFAULT CHARSET=utf8;

--
-- Дамп данных таблицы `da_migration`
--

INSERT INTO `da_migration` (`version`, `apply_time`) VALUES
('m000000_000000_base', 1342684221),
('m120716_174729_macro', 1342684221),
('m120718_122532_macro', 1342690162),
('m120720_002139_ngin', 1342729247),
('m120720_223512_ngin', 1343114947),
('m120724_125848_ngin', 1343130984),
('m120724_210920_ngin', 1343214415),
('m120725_075905_add_field_to_system_parameters', 1343204594),
('m120727_000458_ngin', 1344594601),
('m120728_223710_ngin', 1344594601),
('m120731_013940_ngin', 1344594601),
('m120731_121338_ngin', 1344594601),
('m120731_211556_ngin', 1344594601),
('m120802_162026_ngin', 1344594601),
('m120804_002349_ngin', 1344594601),
('m120806_103133_mail_add_html_format_type', 1344594601),
('m120807_065040_drop_field_is_send_from_feedback', 1344594601),
('m120807_083424_drop_field_send_status_from_faq', 1344594601),
('m120807_114536_make_autoincrement_pk_for_da_event', 1344594601),
('m120807_131907_ngin', 1344594601),
('m120807_164940_ngin', 1344594601),
('m120808_152726_ngin', 1344594601),
('m120809_134126_ngin', 1344836799),
('m120810_102553_update_shop_offer_event_type', 1344594601),
('m120814_173220_ngin', 1345536580),
('m120814_230010_ngin', 1345536580),
('m120815_005422_ngin', 1345536581),
('m120820_134546_shop_module', 1345529983),
('m120820_134744_shop_module', 1345529983),
('m120820_135212_shop_module', 1345529983),
('m120820_135324_shop_module', 1345529984),
('m120820_174205_ngin', 1345536581),
('m120820_182032_ngin', 1345536581),
('m120821_221310_ngin', 1346662247),
('m120822_170237_ngin', 1346662247),
('m120828_103629_ngin', 1347362840),
('m120828_164130_ngin', 1347362840),
('m120828_174955_ngin', 1347362841),
('m120904_121407_shop_module', 1347362841),
('m120904_150721_ngin', 1347362841),
('m120913_171217_ngin', 1347626896),
('m120914_121927_ngin', 1347626896),
('m120915_223619_ngin', 1347808318),
('m120918_081514_shop_module', 1348481234),
('m120919_073944_shop_module', 1348481234),
('m121002_083734_shop_module', 1349179578),
('m121004_055741_ngin', 1349360888),
('m121004_080450_change_tables_engine_to_innodb', 1349360910),
('m121004_114202_ngin', 1349360912),
('m121004_130202_ngin', 1349360912),
('m121005_071430_menu_module', 1349449650),
('m121009_071450_scheduler_module', 1349791566),
('m121009_071615_scheduler_module', 1349791567),
('m121009_071744_scheduler_module', 1349791567),
('m121009_100803_mail_module', 1349791567),
('m121009_132010_struct_ngin', 1349791569),
('m121009_132011_ngin', 1349791569),
('m121009_153554_struct_ngin', 1349791570),
('m121009_153555_ngin', 1349791570),
('m121009_160202_ngin', 1349791570),
('m121010_020603_ngin', 1349863743),
('m121010_133117_ngin', 1350371052),
('m121015_123829_user_module', 1351367964),
('m121015_163208_ngin', 1350371056),
('m121016_131442_struct_ngin', 1351367966),
('m121016_131443_ngin', 1351367967),
('m121016_134502_struct_ngin', 1351367967),
('m121018_062400_photogallery_module', 1351367967),
('m121018_062954_photogallery_module', 1351367968),
('m121023_130918_struct_ngin', 1351367974),
('m121023_130919_ngin', 1351367974),
('m121025_130718_ngin', 1351367974),
('m121029_114119_ngin', 1351501041),
('m121030_105729_ngin', 1352115207),
('m121031_193910_ngin', 1352115209),
('m121101_150836_ngin', 1352115210),
('m121102_141700_news_module', 1352543161),
('m121107_145242_ngin', 1352543162),
('m121108_095825_ngin', 1352543162),
('m121109_095000_messenger_module', 1352543162),
('m121109_095521_messenger_module', 1352543162),
('m121109_100548_messenger_module', 1352543163),
('m121109_131529_messenger_module', 1352543163),
('m121115_194907_ngin', 1353672671),
('m121210_153052_struct_ngin', 1355989242),
('m121210_153053_ngin', 1355989243),
('m121227_071724_ngin', 1359392575),
('m130110_221227_ngin', 1359392575),
('m130116_075255_messanger_module', 1359392576),
('m130206_161859_ngin', 1363760020),
('m130212_205359_add_comments_to_tables', 1363760046),
('m130220_165514_ngin', 1363760046),
('m130222_211623_ngin', 1363760046),
('m130304_105600_ngin', 1363760046),
('m130312_094709_struct_ngin', 1363760047),
('m130312_094710_ngin', 1363760048),
('m130313_163310_struct_ngin', 1363760048),
('m130313_163311_ngin', 1363760048),
('m130313_172038_struct_ngin', 1363760049),
('m130313_172039_ngin', 1363760050),
('m130328_151605_struct_ngin', 1365597562),
('m130328_151606_ngin', 1365597563),
('m130404_131839_ngin', 1365597563),
('m130405_132019_filename_translit', 1365597563),
('m130409_094600_project_bootstrap', 1365597563),
('m130419_131440_user_module', 1369160489),
('m130422_065535_new_users', 1369160489),
('m130423_121920_struct_ngin', 1369160491),
('m130423_121921_ngin', 1369160491),
('m130423_122356_new_users_password', 1369160491),
('m130514_104329_comments_module', 1369160491),
('m130515_142007_ngin', 1369160491),
('m130516_140735_struct_ngin', 1369160494),
('m130516_140736_ngin', 1369160494),
('m130516_190627_menu_visible_view_column', 1369160494),
('m130517_230538_struct_ngin', 1369160495),
('m130517_230539_ngin', 1369160495),
('m130520_123302_struct_ngin', 1369160496),
('m130520_170216_ngin', 1369160496),
('m130521_224420_ngin', 1369639016),
('m130522_122615_ngin', 1369639016),
('m130522_171926_ngin', 1369639016),
('m130522_175400_backend', 1369681065),
('m130522_185724_ngin', 1369681066),
('m130523_112000_ygin', 1369987438),
('m130523_133419_ygin', 1369681069),
('m130524_013011_struct_ygin', 1369681072),
('m130524_013012_ygin', 1369681072),
('m130528_204220_struct_ygin', 1371535225),
('m130528_204221_ygin', 1371535226),
('m130606_160848_struct_ygin', 1371535226),
('m130606_160849_ygin', 1371535226),
('m130607_155511_ygin', 1371535226),
('m130607_171901_struct_ygin', 1371535228),
('m130607_171902_ygin', 1371535228),
('m130610_225445_struct_ygin', 1371535228),
('m130610_225446_ygin', 1371535229),
('m130611_164844_ygin', 1371535229),
('m130611_204701_struct_ygin', 1371535229),
('m130611_204702_ygin', 1371535230),
('m130611_205034_struct_ygin', 1371535230),
('m130611_205035_ygin', 1371535230),
('m130611_205234_struct_ygin', 1371535230),
('m130614_131857_ygin', 1371535230),
('m130614_152109_ygin', 1371542921),
('m130618_115456_ygin', 1371542921),
('m240919_073944_shop_plugin', 1348572502);

-- --------------------------------------------------------

--
-- Структура таблицы `da_object`
--

CREATE TABLE IF NOT EXISTS `da_object` (
  `id_object` varchar(255) NOT NULL COMMENT 'id',
  `name` varchar(255) NOT NULL COMMENT 'Имя объекта',
  `id_field_order` varchar(255) default NULL COMMENT 'Свойство для порядка',
  `order_type` int(2) NOT NULL default '1' COMMENT 'Тип порядка',
  `table_name` varchar(255) default NULL COMMENT 'Таблица / Обработчик / Объект',
  `id_field_caption` varchar(255) default NULL COMMENT 'Свойство для отображения',
  `object_type` int(2) NOT NULL default '1' COMMENT 'Тип объекта',
  `folder_name` varchar(255) default NULL COMMENT 'Путь к документам',
  `parent_object` int(8) default NULL COMMENT 'Родитель',
  `sequence` int(3) NOT NULL default '1' COMMENT '&nbsp;',
  `use_domain_isolation` int(1) NOT NULL default '0' COMMENT 'Использовать доменную изоляцию данных',
  `field_caption` varchar(255) default NULL COMMENT 'Свойство модели для отображения',
  `yii_model` varchar(255) default NULL COMMENT 'yii-модель',
  PRIMARY KEY  (`id_object`)
) ENGINE=InnoDB DEFAULT CHARSET=utf8 COMMENT='Объекты';

--
-- Дамп данных таблицы `da_object`
--

INSERT INTO `da_object` (`id_object`, `name`, `id_field_order`, `order_type`, `table_name`, `id_field_caption`, `object_type`, `folder_name`, `parent_object`, `sequence`, `use_domain_isolation`, `field_caption`, `yii_model`) VALUES
('1', 'Разработка', '', 1, NULL, '', 1, NULL, NULL, 3, 0, NULL, NULL),
('101', 'Наборы модулей', '16', 2, 'da_site_module_template', '13', 1, '', 102, 7, 0, 'name', 'SiteModuleTemplate'),
('102', 'Модули', NULL, 1, NULL, NULL, 1, NULL, 4, 13, 0, NULL, NULL),
('103', 'Модули сайта', '542', 1, 'da_site_module', '542', 1, 'content/modules', 102, 8, 0, 'name', 'SiteModule'),
('105', 'Голосование', '536', 2, 'pr_voting', '531', 1, 'content/vote/', 4, 7, 0, 'name', 'vote.models.Voting'),
('106', 'Ответы на голосование', NULL, 2, 'pr_voting_answer', NULL, 1, NULL, 105, 9, 0, NULL, NULL),
('2', 'Пользователи и группы', NULL, 1, NULL, NULL, 1, NULL, NULL, 4, 0, NULL, NULL),
('20', 'Объекты', '104', 1, 'da_object', '64', 1, NULL, 1, 1, 0, 'name', 'ygin.models.object.DaObject'),
('21', 'Свойства объекта', '77', 1, 'da_object_parameters', '79', 1, '', 20, 2, 0, 'caption', 'ygin.models.object.ObjectParameter'),
('22', 'Типы данных', '105', 1, 'da_object_parameter_type', '86', 1, NULL, 1, 16, 0, 'name', NULL),
('24', 'Пользователи', NULL, 1, 'da_users', '90', 1, 'content/user', 2, 3, 0, 'name', 'user.models.User'),
('25', 'Типы прав доступа', NULL, 1, 'da_permission_type', '97', 1, NULL, 2, 3, 0, 'name', NULL),
('250', 'Комментарии', '1206', 2, 'pr_comment', '1207', 1, NULL, 4, 8, 0, 'comment_text', 'comments.models.CommentYii'),
('260', 'Баннеры', '1310', 1, 'pr_banner', NULL, 1, 'content/bnimg', 261, 18, 0, NULL, 'banners.models.Banner'),
('261', 'Баннерные места', '1318', 1, 'pr_banner_place', '1312', 1, NULL, 4, 12, 0, 'title', 'banners.models.BannerPlace'),
('27', 'Справочники', '109', 1, 'da_references', '110', 1, NULL, 3, 4, 0, 'name', 'ygin.models.Reference'),
('28', 'Значения справочника', '112', 1, 'da_reference_element', '114', 1, NULL, 27, 3, 0, 'value', 'ygin.models.ReferenceElement'),
('29', 'Группы системных параметров', '48', 2, 'da_group_system_parameter', '49', 1, NULL, 3, 5, 0, 'name', NULL),
('3', 'Общие настройки', NULL, 1, NULL, NULL, 1, NULL, NULL, 5, 0, NULL, NULL),
('30', 'Настройки сайта', '117', 1, 'da_system_parameter', NULL, 1, NULL, 3, 3, 0, NULL, 'ygin.models.SystemParameter'),
('31', 'Домены сайта', '281', 1, 'da_domain', '283', 1, 'content/domain/', 3, 2, 0, 'name', 'ygin.models.Domain'),
('313', 'Настройка кэширования', '', 1, 'engine/admin/special/cacheSettings.php', '', 3, NULL, 1, 14, 0, NULL, NULL),
('33', 'Формат сообщения', '250', 1, 'da_event_format', '31', 1, NULL, 6, 3, 0, 'description', NULL),
('34', 'Подписчики на события', NULL, 2, 'da_event_subscriber', '37', 1, NULL, 6, 3, 0, 'id_event_type', 'ygin.modules.mail.models.NotifierEventSubscriber'),
('35', 'Тип события', '50', 2, 'da_event_type', '51', 1, NULL, 6, 3, 0, 'name', 'ygin.modules.mail.models.NotifierEventType'),
('37', 'Файлы', '134', 1, 'da_files', '135', 1, NULL, 3, 7, 0, 'file_path', 'ygin.models.File'),
('39', 'Типы файлов', '129', 1, 'da_file_type', '130', 1, NULL, 37, 11, 0, 'name', NULL),
('4', 'Контент', NULL, 1, NULL, NULL, 1, NULL, NULL, 1, 0, NULL, NULL),
('40', 'Расширения файлов', '131', 1, 'da_file_extension', '132', 1, NULL, 37, 12, 0, 'ext', NULL),
('41', 'Пользовательские свойства', NULL, 1, 'da_object_property', NULL, 1, NULL, 1, 15, 0, NULL, NULL),
('43', 'SQL', '', 1, 'backend/special/sql', '', 3, NULL, 1, 9, 0, NULL, NULL),
('49', 'События', '253', 2, 'da_event', NULL, 1, NULL, 6, 2, 0, NULL, NULL),
('50', 'Почтовые аккаунты', '262', 1, 'da_mail_account', '262', 1, NULL, 6, 2, 0, 'host', NULL),
('500', 'Фотогалереи', '1500', 1, 'pr_photogallery', '1501', 1, 'content/photogallery', 4, 3, 0, 'name', 'photogallery.models.Photogallery'),
('501', 'Фотографии', '1511', 1, 'pr_photogallery_photo', '1507', 1, 'content/photos', 500, 14, 0, 'id_photogallery_photo', 'photogallery.models.PhotogalleryPhoto'),
('502', 'Новости', '1516', 2, 'pr_news', NULL, 1, 'content/news', 4, 2, 0, NULL, 'ygin.modules.news.models.News'),
('503', 'Категории новостей', '1523', 1, 'pr_news_category', '1522', 1, NULL, 502, 3, 0, 'name', NULL),
('504', 'Консультации', NULL, 1, NULL, NULL, 1, NULL, 4, 5, 0, NULL, NULL),
('505', 'Вопрос', '1530', 2, 'pr_consultation_ask', '1528', 1, 'content/consultation_ask', 504, 1, 0, 'ask', NULL),
('506', 'Ответ', '1536', 2, 'pr_consultation_answer', '1538', 1, NULL, 504, 2, 0, 'answer', NULL),
('507', 'Отвечающий', '1547', 1, 'pr_consultation_answerer', '1547', 1, 'content/answerer', 504, 3, 0, 'name', NULL),
('508', 'Специализация отвечающего', '1551', 1, 'pr_consultation_specialization', '1551', 1, NULL, 504, 4, 0, 'specialization', NULL),
('509', 'Категории продукции', '1636', 1, 'pr_product_category', '1553', 1, 'content/product_category', 518, 2, 0, 'name', NULL),
('51', 'Планировщик', '267', 1, 'da_job', '274', 1, NULL, 1, 4, 0, 'name', 'ygin.modules.scheduler.models.Job'),
('511', 'Продукция', '1564', 1, 'pr_product', '1567', 1, 'content/product', 518, 1, 0, 'name', NULL),
('512', 'Вопрос-ответ', '1579', 2, 'pr_question', '1581', 1, 'content/question', 4, 6, 0, 'question', NULL),
('517', 'Обратная связь', '1609', 2, 'pr_feedback', '1614', 1, NULL, 4, 4, 0, 'date', NULL),
('518', 'Магазин', NULL, 1, NULL, NULL, 1, NULL, NULL, 2, 0, NULL, NULL),
('519', 'Заказы пользователей', '1626', 2, 'pr_offer', '1621', 1, NULL, 518, 40, 0, 'fio', NULL),
('520', 'Витрина', '1635', 1, 'pr_vitrine', '1632', 1, 'content/  vitrine', 4, 9, 0, 'title', NULL),
('521', 'Викторины', '1638', 2, 'pr_quiz', '1639', 1, 'content/quiz', 4, 10, 0, 'name', NULL),
('522', 'Вопросы викторины', '1648', 1, 'pr_quiz_question', '1646', 1, 'content/quiz_quest', 521, 43, 0, 'question', NULL),
('523', 'Варианты ответов', '1653', 1, 'pr_quiz_answer', '1651', 1, NULL, 521, 44, 0, 'answer', NULL),
('524', 'Ответ пользователя', '1661', 2, 'pr_quiz_answer_user', '1656', 1, NULL, 521, 45, 0, 'name', NULL),
('525', 'Брэнды', '1670', 1, 'pr_product_brand', '1667', 1, 'content/product_brand', 518, 46, 0, 'name', NULL),
('527', 'Плагины системы', '', 1, 'da_plugin', '', 1, 'content/plugin', 3, 1, 0, NULL, NULL),
('528', 'Настройка плагинов', NULL, 1, 'backend/plugin/plugin', NULL, 3, NULL, 527, 48, 0, NULL, NULL),
('529', 'Статусы остатка продукции', '1679', 1, 'pr_remain_status', '1680', 1, NULL, 518, 49, 0, NULL, NULL),
('530', 'Отзывы клиентов', '1686', 2, 'pr_client_review', '1685', 1, NULL, 4, 11, 0, 'name', NULL),
('531', 'Уведомления', '1695', 2, 'da_message', '1694', 1, 'content/messages', 3, 6, 0, 'text', 'Message'),
('54', 'Доступные локализации', '310', 1, 'da_localization', '311', 1, NULL, 3, 8, 0, 'name', NULL),
('6', 'Почта', NULL, 1, NULL, NULL, 1, NULL, NULL, 7, 0, NULL, NULL),
('60', 'Проверка файлов', '', 1, 'backend/special/clearPreview', '', 3, NULL, 1, 10, 0, NULL, NULL),
('61', 'Инструкции', '145', 1, 'da_instruction', '141', 1, NULL, 1, 11, 0, 'name', NULL),
('63', 'Представление', '408', 1, 'da_object_view', '406', 1, '', 1, 3, 0, 'name', 'backend.models.DaObjectView'),
('66', 'Колонка представления', '419', 1, 'da_object_view_column', NULL, 1, '', 63, 9, 0, NULL, 'backend.models.DaObjectViewColumn'),
('80', 'php-скрипты', '337', 1, 'da_php_script_type', '342', 1, NULL, 1, 2, 0, 'description', 'ygin.models.PhpScript'),
('86', 'Интерфейс php-скрипта', '351', 1, 'da_php_script_interface', '348', 1, NULL, 80, 4, 0, 'name', NULL),
('89', 'Сброс кэша', '', 1, 'backend/special/clearCache', '', 3, NULL, 1, 7, 0, NULL, NULL),
('91', 'Поисковый индекс', '', 1, 'backend/special/recreateSearchIndex', '', 3, NULL, 1, 8, 0, NULL, NULL),
('94', 'Логи', '', 1, 'backend/special/logView', '', 3, NULL, 1, 12, 0, NULL, NULL),
('ygin.gii', 'gii (debug=true)', '', 1, '/gii/', '', 5, NULL, 1, 6, 0, NULL, NULL),
('ygin.menu', 'Меню', '', 1, 'da_menu', '7', 1, 'content/menu', 4, 1, 0, 'name', 'Menu'),
('ygin.override', 'Переопределение представлений (debug=true)', '', 1, '/override/', '', 5, NULL, 1, 5, 0, NULL, NULL);

-- --------------------------------------------------------

--
-- Структура таблицы `da_object_instance`
--

CREATE TABLE IF NOT EXISTS `da_object_instance` (
  `id_object` int(8) NOT NULL,
  `id_instance` int(8) NOT NULL,
  `id_domain` int(8) NOT NULL,
  `create_date` int(10) default NULL,
  `last_modify_date` int(10) default NULL,
  `delete_date` int(10) default NULL,
  `id_user_creator` int(8) default NULL,
  PRIMARY KEY  (`id_object`,`id_instance`),
  KEY `id_object` (`id_object`,`id_instance`,`id_domain`)
) ENGINE=InnoDB DEFAULT CHARSET=utf8;

--
-- Дамп данных таблицы `da_object_instance`
--


-- --------------------------------------------------------

--
-- Структура таблицы `da_object_parameters`
--

CREATE TABLE IF NOT EXISTS `da_object_parameters` (
  `id_object` varchar(255) NOT NULL default '0' COMMENT 'Объект',
  `id_parameter` varchar(255) NOT NULL COMMENT 'ИД',
  `id_parameter_type` int(2) NOT NULL default '0' COMMENT 'Тип свойства',
  `sequence` int(3) NOT NULL default '1' COMMENT '&nbsp;',
  `widget` varchar(255) default NULL COMMENT 'Виджет',
  `caption` varchar(255) NOT NULL COMMENT 'Название',
  `field_name` varchar(255) default NULL COMMENT 'Имя поля в БД',
  `add_parameter` varchar(255) default NULL COMMENT 'Параметр',
  `default_value` varchar(255) default NULL COMMENT 'Значение по умолчанию',
  `not_null` tinyint(1) default '1' COMMENT 'Обязательное',
  `sql_parameter` varchar(255) default NULL COMMENT 'SQL условие',
  `is_unique` tinyint(1) default NULL COMMENT 'Уникальное',
  `group_type` int(8) default NULL COMMENT 'Связь с главным объектом',
  `need_locale` int(1) NOT NULL default '0' COMMENT 'Переводить на другие языки',
  `search` int(1) NOT NULL default '0' COMMENT 'Доступно для поиска',
  `is_additional` int(1) NOT NULL default '0' COMMENT 'Дополнительное',
  `hint` text COMMENT 'Всплывающая подсказка',
  PRIMARY KEY  (`id_object`,`id_parameter`),
  UNIQUE KEY `id_parameter` (`id_parameter`),
  KEY `id_object` (`id_object`),
  KEY `id_object_2` (`id_object`,`sequence`),
  KEY `id_object_3` (`id_object`,`is_additional`,`sequence`)
) ENGINE=InnoDB DEFAULT CHARSET=utf8 COMMENT='Свойства объекта';

--
-- Дамп данных таблицы `da_object_parameters`
--

INSERT INTO `da_object_parameters` (`id_object`, `id_parameter`, `id_parameter_type`, `sequence`, `widget`, `caption`, `field_name`, `add_parameter`, `default_value`, `not_null`, `sql_parameter`, `is_unique`, `group_type`, `need_locale`, `search`, `is_additional`, `hint`) VALUES
('101', '12', 11, 8, NULL, 'id', 'id_module_template', NULL, NULL, 1, NULL, 0, NULL, 0, 0, 0, NULL),
('101', '13', 2, 8, NULL, 'Название шаблона', 'name', NULL, NULL, 1, NULL, 0, NULL, 0, 0, 0, NULL),
('101', '14', 10, 10, 'menu.backend.widgets.manageModule.ManageModuleWidget', 'Модули', NULL, '2', '', 0, 'SiteModuleTemplateListOfModule', 0, 0, 0, 0, 0, ''),
('101', '16', 9, 8, NULL, 'Шаблон по умолчанию', 'is_default_template', NULL, NULL, 1, NULL, 0, NULL, 0, 0, 0, NULL),
('103', '541', 11, 1, NULL, 'id', 'id_module', NULL, NULL, 1, NULL, 0, NULL, 0, 0, 0, NULL),
('103', '542', 2, 2, NULL, 'Имя', 'name', NULL, NULL, 1, NULL, 0, NULL, 1, 0, 0, NULL),
('103', '544', 10, 4, 'menu.backend.widgets.phpScript.PhpScriptWidget', 'Обработчик', 'id_php_script', '2', NULL, 0, NULL, 0, 0, 0, 0, 0, ''),
('103', '545', 14, 6, NULL, 'Простой текст', 'content', NULL, NULL, 0, NULL, 0, NULL, 1, 0, 0, 'Используется для хранения JavaScript и текст без форматирования'),
('103', '546', 9, 3, NULL, 'Видимость', 'is_visible', NULL, '1', 0, NULL, 0, 0, 0, 0, 0, 'Позволяет временно отключать модуль из всех наборов модулей'),
('103', '554', 3, 8, NULL, 'Форматированный текст', 'html', NULL, NULL, 0, NULL, 0, 0, 1, 0, 0, 'Используется, если необходимо хранить форматированный текст, ссылки, файлы'),
('103', '556', 15, 7, NULL, 'Загрузить файлы', NULL, NULL, NULL, 0, NULL, 0, 0, 0, 0, 0, NULL),
('105', '530', 11, 7, NULL, 'ID', 'id_voting', NULL, NULL, 1, NULL, 0, NULL, 0, 0, 0, NULL),
('105', '531', 2, 7, NULL, 'Название голосования', 'name', NULL, NULL, 1, NULL, 0, NULL, 0, 0, 0, NULL),
('105', '532', 10, 7, 'vote.backend.widgets.answerList.AnswerListWidget', 'Варианты ответов', NULL, '2', NULL, 0, 'VoteAnswerVisualElement', 0, 0, 0, 0, 0, ''),
('105', '533', 9, 7, NULL, 'Множество ответов', 'is_checkbox', NULL, NULL, 1, NULL, 0, NULL, 0, 0, 0, NULL),
('105', '534', 9, 7, NULL, 'Активное', 'is_active', NULL, '1', 1, NULL, 0, NULL, 0, 0, 0, NULL),
('105', '535', 9, 7, NULL, 'Показать в модуле', 'in_module', NULL, '1', 1, NULL, 0, NULL, 0, 0, 0, NULL),
('105', '536', 4, 7, NULL, 'Дата создания голосования', 'create_date', NULL, NULL, 1, NULL, 0, NULL, 0, 0, 0, NULL),
('106', '537', 11, 7, NULL, 'id', 'id_voting_answer', NULL, NULL, 1, NULL, 0, NULL, 0, 0, 0, NULL),
('106', '538', 7, 7, NULL, 'Голосование', 'id_voting', '105', NULL, 1, NULL, 0, 1, 0, 0, 0, NULL),
('106', '539', 2, 7, NULL, 'Вариант ответа', 'name', NULL, NULL, 1, NULL, 0, NULL, 0, 0, 0, NULL),
('106', '540', 1, 10, NULL, 'Количество голосов', 'count', NULL, '0', 1, NULL, 0, 0, 0, 0, 0, NULL),
('20', '104', 13, 2, NULL, '&nbsp;', 'sequence', NULL, NULL, 1, NULL, 0, 0, 0, 0, 0, NULL),
('20', '124', 9, 13, NULL, 'Использовать доменную изоляцию данных', 'use_domain_isolation', NULL, '0', 0, NULL, 0, 0, 0, 0, 1, NULL),
('20', '151', 10, 19, 'backend.backend.object.objectPermission.ObjectPermissionWidget', 'Права доступа', NULL, '2', '', 0, 'ObjectPermissionWidget', 0, 0, 0, 0, 0, ''),
('20', '155', 2, 7, NULL, 'Путь к документам', 'folder_name', NULL, NULL, 0, NULL, 0, NULL, 0, 0, 0, NULL),
('20', '157', 2, 16, NULL, 'yii-модель', 'yii_model', NULL, NULL, 0, NULL, 0, 0, 0, 0, 0, 'Например: ygin.models.File или просто Domain, если есть точная уверенность, что система уже знает о моделе'),
('20', '207', 2, 8, NULL, 'Свойство модели для отображения', 'field_caption', NULL, NULL, 0, NULL, 0, 0, 0, 0, 0, 'Используется для отображения названия экземпляра в списках и других местах.\r\nНапример, для отображения имени раздела можно указать name\r\nВ этом случае будет выполнено такое выражение: $model->name;\r\nТ.о. можно указывать любые доступные атрибуты объекта модели.'),
('20', '62', 10, 15, 'backend.backend.object.objectManageView.ObjectManageViewWidget', 'Создать представление', NULL, '2', '', 0, 'ObjectManageViewWidget', 0, 0, 0, 0, 1, ''),
('20', '63', 11, 1, NULL, 'id', 'id_object', '1', NULL, 1, NULL, 0, 0, 0, 0, 0, 'Уникальный ИД объекта в виде строки. Например для новостей ИД будет равен ygin.news  Вместо ygin можно использовать название проекта или компании.'),
('20', '64', 2, 4, NULL, 'Имя объекта', 'name', NULL, NULL, 1, NULL, 0, NULL, 1, 0, 0, NULL),
('20', '65', 7, 10, NULL, 'Свойство для порядка', 'id_field_order', '21', '', 0, 't.id_object=:id_instance', 0, 0, 0, 0, 0, 'По умолчанию выводимые в системе администрирования экземпляры данного объекта будут упорядочены по этому свойству'),
('20', '66', 6, 11, NULL, 'Тип порядка', 'order_type', '30', NULL, 1, NULL, 0, NULL, 0, 0, 0, NULL),
('20', '67', 2, 6, NULL, 'Таблица / Обработчик / Объект', 'table_name', NULL, NULL, 0, NULL, 0, 0, 0, 0, 0, 'В зависимости от типа объекта, поле хранит различные значения. При стандартном - имя таблицы, при ручном - путь к обработчику, при наследовании - id родительского объекта.'),
('20', '68', 7, 9, NULL, 'Свойство для отображения', 'id_field_caption', '21', '', 0, 't.id_object=:id_instance', 0, 0, 0, 0, 0, 'Значение данного свойства будет выводится в списке, когда экземпляр данного объекта будет выбираться в качестве свойства другого объекта'),
('20', '69', 6, 5, NULL, 'Тип объекта', 'object_type', '31', NULL, 1, NULL, 0, NULL, 0, 0, 0, NULL),
('20', '70', 12, 3, NULL, 'Родитель', 'parent_object', '1', NULL, 0, NULL, 0, 0, 0, 0, 1, NULL),
('21', '156', 9, 14, NULL, 'Уникальное', 'is_unique', NULL, NULL, 0, NULL, 0, 0, 0, 0, 0, 'Слежение за уникальностью значения на уровне системы администрирования'),
('21', '205', 9, 15, NULL, 'Связь с главным объектом', 'group_type', NULL, '0', 0, NULL, 0, 0, 0, 0, 0, 'У главного объекта в системном представлении появится возможность переходить к зависимым данным этого объекта, связанным по данному свойству'),
('21', '206', 9, 12, NULL, 'Переводить на другие языки', 'need_locale', NULL, '0', 0, NULL, 0, 0, 0, 0, 0, 'Определяет возможность перевода значения свойства на другие языки (английский, немецкий). Перевод возможен только для параметров с типом данных Строка, TextArea, CLOB.'),
('21', '220', 9, 13, NULL, 'Доступно для поиска', 'search', NULL, '0', 0, NULL, 0, 0, 0, 0, 0, 'Добавляет это поле в поисковый индекс, который используется при поиске по сайту'),
('21', '73', 9, 16, NULL, 'Дополнительное', 'is_additional', NULL, '0', 0, NULL, 0, 0, 0, 0, 0, 'Данное поле будет вынесено в отдельный контейнер, который изначально скрыт при редактировании объекта и появляется при нажатии на кнопку "Дополнительные свойства"'),
('21', '74', 11, 4, NULL, 'id', 'id_parameter', '1', NULL, 1, NULL, 0, 0, 0, 0, 0, 'Уникальный ИД свойства объекта в виде строки. Например для заголовка новостей ИД будет равен ygin.news.title  Вместо ygin можно использовать название проекта или компании.'),
('21', '75', 7, 3, NULL, 'Объект', 'id_object', '20', NULL, 1, '', 0, 1, 0, 0, 0, NULL),
('21', '76', 7, 1, 'backend.backend.objectParameter.typeObjectParameterWidget.TypeObjectParameterWidget', 'Тип свойства', 'id_parameter_type', '22', '2', 1, '', 0, 0, 0, 0, 0, ''),
('21', '77', 13, 5, NULL, '&nbsp;', 'sequence', NULL, '1', 1, NULL, 0, NULL, 0, 0, 0, NULL),
('21', '78', 2, 7, NULL, 'Виджет', 'widget', '0', '', 0, '', 0, 0, 0, 0, 0, 'Алиас до виджета. Например ygin.widgets.textField.TextFieldWidget'),
('21', '79', 2, 2, NULL, 'Название', 'caption', NULL, NULL, 1, NULL, 0, 0, 1, 0, 0, 'Краткое название свойства на русском языке. Используется в заголовке столбца при отображении списка экземпляров объекта.'),
('21', '80', 2, 6, NULL, 'Имя поля в БД', 'field_name', '0', '', 0, '', 0, 0, 0, 0, 0, ''),
('21', '81', 1, 8, NULL, 'Параметр', 'add_parameter', NULL, NULL, 0, NULL, 0, 0, 0, 0, 0, 'Поле хранит значения, применяемые в различных ситуациях разработчиками'),
('21', '82', 14, 17, NULL, 'Всплывающая подсказка', 'hint', NULL, NULL, 0, NULL, 0, 0, 1, 0, 0, 'Если заполнено, рядом с полем будет отображаться вопросик, при наведении на который всплывает подсказка'),
('21', '83', 2, 10, NULL, 'Значение по умолчанию', 'default_value', NULL, NULL, 0, NULL, 0, NULL, 0, 0, 0, NULL),
('21', '84', 9, 11, NULL, 'Обязательное', 'not_null', NULL, '1', 0, NULL, 0, NULL, 0, 0, 0, NULL),
('21', '87', 2, 9, NULL, 'SQL условие', 'sql_parameter', NULL, NULL, 0, NULL, 0, 0, 0, 0, 0, 'Дополнительное условие для выборки нужных значений. Обращение к таблице текущего объекта следует использовать синоним <<current_instance>>.'),
('22', '105', 13, 117, NULL, 'Порядок', 'sequence', NULL, '1', 1, NULL, 0, 0, 0, 0, 0, NULL),
('22', '85', 11, 8, NULL, 'ИД', 'id_parameter_type', NULL, NULL, 1, NULL, 0, NULL, 0, 0, 0, NULL),
('22', '86', 2, 9, NULL, 'Название типа данных', 'name', NULL, NULL, 1, NULL, 0, NULL, 0, 0, 0, NULL),
('22', 'ygin.objectParameterType.sqlType', 2, 287, NULL, 'sql тип', 'sql_type', '0', NULL, 0, NULL, 0, 0, 0, 0, 0, ''),
('24', '122', 9, 4, NULL, 'Активен', 'active', NULL, '1', 0, NULL, 0, 0, 0, 0, 0, 'Есть ли возможность пройти авторизацию и пользоваться сервисами сайта'),
('24', '123', 17, 10, NULL, 'count_post', 'count_post', NULL, '0', 0, NULL, 0, NULL, 0, 0, 0, NULL),
('24', '1697', 9, 0, NULL, 'Необходимо сменить пароль', 'requires_new_password', NULL, NULL, 0, NULL, 0, 0, 0, 0, 1, NULL),
('24', '238', 2, 9, NULL, 'Регистрационный ИД', 'rid', NULL, NULL, 0, NULL, 0, NULL, 0, 0, 0, 'Токен в ссылке, которая приходит пользователю на почту для подтверждения регистрации. Пока это поле заполнено,пользователь не сможет авторизоваться.'),
('24', '239', 4, 8, NULL, 'Дата регистрации пользователя', 'create_date', NULL, NULL, 1, NULL, 0, NULL, 0, 0, 0, NULL),
('24', '88', 11, 3, NULL, 'id', 'id_user', NULL, NULL, 1, NULL, 0, NULL, 0, 0, 0, NULL),
('24', '89', 10, 2, 'user.backend.widgets.roles.RolesWidget', 'Роли пользователя', NULL, '2', NULL, 1, NULL, 0, 0, 0, 0, 0, NULL),
('24', '90', 2, 5, NULL, 'Логин', 'name', NULL, NULL, 1, NULL, 1, NULL, 0, 0, 0, NULL),
('24', '91', 2, 6, 'user.backend.widgets.userPassword.UserPasswordWidget', 'Пароль', 'user_password', '2', NULL, 0, NULL, 0, 0, 0, 0, 0, NULL),
('24', '92', 2, 7, NULL, 'E-mail', 'mail', NULL, NULL, 1, NULL, 0, NULL, 0, 0, 0, NULL),
('24', '93', 2, 1, NULL, 'Имя пользователя', 'full_name', NULL, NULL, 0, NULL, 0, NULL, 0, 0, 0, NULL),
('25', '96', 11, 8, NULL, 'id', 'id_permission_type', NULL, NULL, 1, NULL, 0, NULL, 0, 0, 0, NULL),
('25', '97', 2, 8, NULL, 'name', 'name', NULL, NULL, 1, NULL, 0, NULL, 0, 0, 0, NULL),
('250', '1201', 11, 1, NULL, 'id', 'id_comment', NULL, NULL, 1, NULL, 0, 0, 0, 0, 0, NULL),
('250', '1202', 7, 2, NULL, 'Объект', 'id_object', '20', NULL, 1, NULL, 0, 0, 0, 0, 0, NULL),
('250', '1203', 1, 3, NULL, 'Экземпляр', 'id_instance', NULL, NULL, 1, NULL, 0, 0, 0, 0, 0, NULL),
('250', '1204', 2, 4, NULL, 'Автор', 'comment_name', NULL, NULL, 0, NULL, 0, 0, 0, 0, 0, NULL),
('250', '1205', 7, 5, NULL, 'Пользователь', 'id_user', '24', NULL, 0, NULL, 0, 0, 0, 0, 0, NULL),
('250', '1206', 4, 7, NULL, 'Дата', 'comment_date', NULL, NULL, 1, NULL, 0, 0, 0, 0, 0, NULL),
('250', '1207', 14, 6, NULL, 'Комментарий', 'comment_text', NULL, NULL, 1, NULL, 0, 0, 0, 0, 0, NULL),
('250', '1208', 1, 8, NULL, 'Отмодерировано', 'moderation', NULL, NULL, 0, NULL, 0, 0, 0, 0, 0, NULL),
('250', '1209', 2, 9, NULL, 'IP', 'ip', NULL, NULL, 0, NULL, 0, 0, 0, 0, 0, NULL),
('250', '1210', 2, 7, NULL, 'Тема', 'comment_theme', NULL, NULL, 0, NULL, 0, 0, 0, 0, 0, NULL),
('250', '1211', 12, 11, NULL, 'id_parent', 'id_parent', NULL, NULL, 0, NULL, 0, 0, 0, 0, 0, NULL),
('250', '1588', 2, 195, NULL, 'Токен', 'token', NULL, NULL, 1, NULL, 0, 0, 0, 0, 0, NULL),
('260', '1300', 11, 1, NULL, 'ID', 'id_banner', NULL, NULL, 1, NULL, 0, 0, 0, 0, 0, NULL),
('260', '1302', 2, 3, NULL, 'Уникальное название баннера (на английском языке)', 'unique_name', NULL, NULL, 1, NULL, 0, 0, 0, 0, 0, NULL),
('260', '1303', 2, 4, NULL, 'Ссылка на сайт', 'link', NULL, 'http://', 0, NULL, 0, 0, 0, 0, 0, NULL),
('260', '1304', 2, 6, NULL, 'Текстовое описание', 'alt', NULL, NULL, 0, NULL, 0, 0, 0, 0, 0, NULL),
('260', '1305', 8, 7, NULL, 'Файл', 'file', NULL, NULL, 1, NULL, 0, 0, 0, 0, 0, NULL),
('260', '1306', 7, 8, NULL, 'Баннерное место', 'id_banner_place', '261', NULL, 1, NULL, 0, 1, 0, 0, 0, NULL),
('260', '1307', 10, 9, 'banners.backend.widgets.bannerStatistic.BannerStatisticWidget', 'Статистика', NULL, '2', '', 0, 'BannerStatisticVisualElement', 0, 0, 0, 0, 0, ''),
('260', '1309', 9, 5, NULL, 'Видимость', 'visible', NULL, '1', 0, NULL, 0, 0, 0, 0, 0, NULL),
('260', '1310', 13, 11, NULL, 'Порядок', 'sequence', NULL, NULL, 0, NULL, 0, 0, 0, 0, 0, NULL),
('261', '1311', 11, 4, NULL, 'ID', 'id_banner_place', NULL, NULL, 1, NULL, 0, 0, 0, 0, 0, NULL),
('261', '1312', 2, 1, NULL, 'Название', 'title', NULL, NULL, 1, NULL, 0, 0, 0, 0, 0, NULL),
('261', '1313', 6, 5, NULL, 'Тип показа баннеров', 'showing', '50', '3', 1, NULL, 0, 0, 0, 0, 0, NULL),
('261', '1314', 1, 6, NULL, 'id_instance', 'id_instance', NULL, NULL, 1, NULL, 0, 0, 0, 0, 0, NULL),
('261', '1315', 1, 7, NULL, 'id_object', 'id_object', NULL, NULL, 1, NULL, 0, 0, 0, 0, 0, NULL),
('261', '1317', 12, 9, NULL, 'Родительский ключ', 'id_parent', NULL, NULL, 0, NULL, 0, 0, 0, 0, 0, NULL),
('261', '1318', 13, 10, NULL, 'Порядок', 'sequence', NULL, NULL, 0, NULL, 0, 0, 0, 0, 0, NULL),
('261', '1320', 1, 3, NULL, 'Высота', 'height', NULL, NULL, 0, NULL, 0, 0, 0, 0, 0, NULL),
('261', '1321', 1, 2, NULL, 'Ширина', 'width', NULL, NULL, 0, NULL, 0, 0, 0, 0, 0, NULL),
('27', '109', 11, 8, NULL, 'id', 'id_reference', '1', NULL, 1, NULL, 0, 0, 0, 0, 0, ''),
('27', '110', 2, 8, NULL, 'Название справочника', 'name', NULL, NULL, 1, NULL, 0, NULL, 0, 0, 0, NULL),
('28', '111', 11, 1, NULL, 'id', 'id_reference_element_instance', '1', NULL, 1, NULL, 0, 0, 0, 0, 0, 'Уникальный ИД элемента справочника. Например ygin.shop.reference.order_status.new  Вместо ygin можно использовать название проекта или компании.'),
('28', '112', 7, 2, NULL, 'Справочник', 'id_reference', '27', NULL, 1, NULL, 0, 1, 0, 0, 0, NULL),
('28', '113', 1, 3, NULL, 'Значение элемента', 'id_reference_element', NULL, '1', 1, NULL, 0, NULL, 0, 0, 0, 'Идентификатор текущего значения справочника'),
('28', '114', 2, 4, NULL, 'Описание значения', 'value', NULL, NULL, 1, NULL, 0, NULL, 0, 0, 0, 'Описывает текущее значение справочника и, как правило, отображается в списке'),
('28', '115', 2, 5, NULL, 'Картинка для значения', 'image_element', NULL, NULL, 0, NULL, 0, NULL, 0, 0, 0, NULL),
('29', '48', 11, 8, NULL, 'id', 'id_group_system_parameter', NULL, NULL, 1, NULL, 0, NULL, 0, 0, 0, NULL),
('29', '49', 2, 9, NULL, 'Название', 'name', NULL, NULL, 1, NULL, 0, NULL, 0, 0, 0, NULL),
('30', '116', 11, 8, NULL, 'id', 'id_system_parameter', '1', NULL, 1, NULL, 0, 0, 0, 0, 0, 'Уникальный ИД системного параметра. Например ygin.parameter.phone  Вместо ygin можно использовать название проекта или компании.'),
('30', '117', 7, 8, NULL, 'Группа параметров', 'id_group_system_parameter', '29', NULL, 1, NULL, 0, 1, 0, 0, 0, NULL),
('30', '118', 2, 9, NULL, 'Имя для разработчика', 'name', NULL, NULL, 1, NULL, 0, NULL, 0, 0, 0, NULL),
('30', '119', 2, 10, NULL, 'Значение параметра', 'value', NULL, NULL, 0, NULL, 0, NULL, 0, 0, 0, NULL),
('30', '120', 2, 12, NULL, 'Описание', 'note', NULL, NULL, 0, NULL, 0, NULL, 0, 0, 0, NULL),
('30', '125', 14, 280, NULL, 'Значение для больших текстовых данных (longtext)', 'long_text_value', NULL, NULL, 0, NULL, 0, 0, 0, 0, 1, NULL),
('30', '600', 7, 12, NULL, 'Тип\r\nданных', 'id_parameter_type', '22', '2', 0, NULL, 0, NULL, 0, 0, 0, NULL),
('31', '281', 11, 1, NULL, 'id', 'id_domain', NULL, NULL, 1, NULL, 0, 0, 0, 0, 0, NULL),
('31', '282', 2, 6, NULL, 'Путь к содержимому домена', 'domain_path', NULL, NULL, 0, NULL, 0, 0, 0, 0, 0, 'Заполняется для многодоменных сайтов.\r\nВсе загружаемые файлы для домена будут попадать относительно заданной директории.\r\nНапример, если для новостей указан путь к данным как "content/news", а в данном свойстве указано "my_domain", то файлы будут загружаться по такому пути: "/my_domain/content/news/1/sample.jpg". При этом в формируемых ссылках папка my_domain не включается.'),
('31', '283', 2, 2, NULL, 'Доменное имя', 'name', NULL, NULL, 1, NULL, 0, 0, 0, 0, 0, NULL),
('31', '284', 2, 4, NULL, 'Описание', 'description', NULL, NULL, 0, NULL, 0, 0, 0, 0, 0, NULL),
('31', '285', 2, 7, NULL, 'Путь к данным по http', 'path2data_http', NULL, NULL, 0, NULL, 0, 0, 0, 0, 0, 'Заполняется для многодоменных сайтов.\r\nДополнительный путь, автоматически приписываемый ко всем загружаемым файлам домена при использовании метода getPath() у класса Files.'),
('31', '286', 10, 8, 'backend.backend.domain.DomainLocalizationVisualElement', 'Доступные локализации', NULL, '2', '', 0, 'DomainLocalizationVisualElement', 0, 0, 0, 0, 0, ''),
('31', '287', 1, 5, NULL, 'ID страницы по умолчанию', 'id_default_page', NULL, NULL, 0, NULL, 0, 0, 0, 0, 0, NULL),
('31', '289', 14, 10, NULL, 'Настройки', 'settings', NULL, NULL, 0, NULL, 0, 0, 0, 0, 0, NULL),
('31', '303', 2, 11, NULL, 'Ключевые слова', 'keywords', NULL, NULL, 0, NULL, 0, 0, 1, 0, 0, 'Ключевые слова подставляются в мета-тег keywords в случае отсутствия такового у раздела меню.'),
('31', '304', 9, 3, NULL, 'Активен', 'active', NULL, '1', 0, NULL, 0, 0, 0, 0, 0, NULL),
('31', '638', 8, 12, NULL, 'Картинка для сохранения в закладках', 'image_src', '1', NULL, 0, NULL, 0, 0, 0, 0, 1, NULL),
('33', '250', 11, 8, NULL, 'id', 'id_event_format', NULL, NULL, 1, NULL, 0, NULL, 0, 0, 0, NULL),
('33', '31', 2, 8, NULL, 'Описание', 'description', NULL, NULL, 1, NULL, 0, NULL, 0, 0, 0, NULL),
('33', '32', 6, 9, NULL, 'Расположение', 'place', '2', NULL, 1, NULL, 0, NULL, 0, 0, 0, NULL),
('33', '33', 2, 10, NULL, 'Имя файла во вложении', 'file_name', NULL, NULL, 0, NULL, 0, NULL, 0, 0, 0, NULL),
('33', '34', 2, 11, NULL, 'Сокращённое название (для разработчика)', 'name', NULL, NULL, 1, NULL, 0, NULL, 0, 0, 0, NULL),
('34', '37', 7, 2, NULL, 'Тип события', 'id_event_type', '35', NULL, 1, NULL, 0, NULL, 0, 0, 0, NULL),
('34', '38', 7, 4, NULL, 'Пользователь', 'id_user', '24', NULL, 0, NULL, 0, NULL, 0, 0, 0, NULL),
('34', '40', 7, 9, NULL, 'Формат сообщения', 'format', '33', NULL, 1, NULL, 0, 0, 0, 0, 0, NULL),
('34', '41', 9, 8, NULL, 'Архивировать ли вложение', 'archive_attach', NULL, NULL, 1, NULL, 0, NULL, 0, 0, 0, NULL),
('34', '42', 2, 6, NULL, 'E-mail адрес', 'email', NULL, NULL, 0, NULL, 0, NULL, 0, 0, 0, NULL),
('34', '43', 11, 3, NULL, 'id', 'id_event_subscriber', NULL, NULL, 1, NULL, 0, NULL, 0, 0, 0, NULL),
('34', '44', 2, 7, NULL, 'Имя подписчика', 'name', NULL, NULL, 0, NULL, 0, 0, 0, 0, 0, NULL),
('35', '245', 7, 9, NULL, 'Объект для работы', 'id_object', '20', NULL, 0, '', 0, NULL, 0, 0, 0, NULL),
('35', '246', 4, 10, NULL, 'Дата последей обработки', 'last_time', NULL, NULL, 0, NULL, 0, NULL, 0, 0, 0, NULL),
('35', '248', 2, 13, NULL, 'SQL получающая экемпляры ("AS id_instance")', 'sql_condition', NULL, NULL, 0, NULL, 0, NULL, 0, 0, 0, NULL),
('35', '249', 2, 14, NULL, 'SQL выражение, срабатывающее после обработки экземпляра (<<id_instance>>)', 'condition_done', NULL, NULL, 0, NULL, 0, NULL, 0, 0, 0, NULL),
('35', '252', 1, 16, NULL, 'Интервал времени, через которое будет проходить обработка события', 'interval_value', NULL, '90', 0, NULL, 0, 0, 0, 0, 0, NULL),
('35', '266', 7, 8, NULL, 'Используемый почтовый аккаунт', 'id_mail_account', '50', NULL, 1, NULL, 0, NULL, 0, 0, 0, NULL),
('35', '50', 11, 8, NULL, 'id', 'id_event_type', NULL, NULL, 1, NULL, 0, NULL, 0, 0, 0, NULL),
('35', '51', 2, 8, NULL, 'Название', 'name', NULL, NULL, 1, NULL, 0, NULL, 0, 0, 0, NULL),
('37', '128', 9, 112, NULL, 'Статус создания превью-файла', 'status_process', NULL, '0', 0, NULL, 0, 0, 0, 0, 0, NULL),
('37', '134', 11, 8, NULL, 'id', 'id_file', NULL, NULL, 1, NULL, 0, NULL, 0, 0, 0, NULL),
('37', '135', 2, 8, NULL, 'Путь к файлу', 'file_path', NULL, NULL, 1, NULL, 0, NULL, 0, 0, 0, NULL),
('37', '136', 7, 9, NULL, 'Тип файла', 'id_file_type', '39', NULL, 0, NULL, 0, NULL, 0, 0, 0, NULL),
('37', '137', 1, 10, NULL, 'Количество загрузок', 'count', NULL, NULL, 0, NULL, 0, NULL, 0, 0, 0, NULL),
('37', '138', 7, 11, NULL, 'Объект', 'id_object', '20', NULL, 0, '', 0, NULL, 0, 0, 0, NULL),
('37', '139', 1, 12, NULL, 'ИД экземпляра', 'id_instance', NULL, NULL, 0, NULL, 0, NULL, 0, 0, 0, NULL),
('37', '230', 7, 17, NULL, 'Свойство объекта', 'id_parameter', '21', NULL, 0, NULL, 0, NULL, 0, 0, 0, NULL),
('37', '231', 7, 51, NULL, 'Пользовательское свойство', 'id_property', '41', NULL, 0, NULL, 0, NULL, 0, 0, 0, NULL),
('37', '232', 4, 22, NULL, 'Дата создания файла', 'create_date', NULL, NULL, 0, NULL, 0, NULL, 0, 0, 0, NULL),
('37', '508', 2, 27, NULL, 'Временный ИД', 'id_tmp', NULL, NULL, 0, NULL, 0, 0, 0, 0, 0, NULL),
('37', '509', 7, 27, NULL, 'Родительский файл', 'id_parent_file', '37', NULL, 0, NULL, 0, NULL, 0, 0, 0, NULL),
('39', '129', 11, 8, NULL, 'id', 'id_file_type', NULL, NULL, 1, NULL, 0, NULL, 0, 0, 0, NULL),
('39', '130', 2, 8, NULL, 'Название', 'name', NULL, NULL, 1, NULL, 0, 0, 1, 0, 0, NULL),
('40', '131', 11, 8, NULL, 'id', 'id_file_extension', NULL, NULL, 1, NULL, 0, NULL, 0, 0, 0, NULL),
('40', '132', 2, 8, NULL, 'Расширение', 'ext', NULL, NULL, 1, NULL, 0, NULL, 0, 0, 0, NULL),
('40', '133', 7, 8, NULL, 'Тип файла', 'id_file_type', '39', NULL, 1, NULL, 0, NULL, 0, 0, 0, NULL),
('41', '290', 11, 8, NULL, 'ID_PROPERTY', 'ID_PROPERTY', NULL, NULL, 1, NULL, 0, NULL, 0, 0, 0, NULL),
('41', '292', 9, 9, NULL, 'Обязательно для заполнения', 'IS_NECESSARILY', NULL, '1', 1, NULL, 0, NULL, 0, 0, 0, NULL),
('41', '293', 7, 10, NULL, 'Значение из справочника', 'ID_REFERENCE', '27', NULL, 0, NULL, 0, NULL, 0, 0, 0, NULL),
('41', '294', 7, 11, NULL, 'Тип свойства', 'ID_PROPERTY_TYPE', '22', NULL, 1, 'id_parameter_type IN (1,2,3,4,6,7,8,9,14,17)', 0, NULL, 0, 0, 0, NULL),
('41', '295', 7, 12, NULL, 'Объект', 'ID_OBJECT', '20', NULL, 1, '', 0, 0, 0, 0, 0, NULL),
('41', '296', 2, 12, NULL, 'Значение по умолчанию', 'DEFAULT_VALUE', NULL, NULL, 0, NULL, 0, NULL, 0, 0, 0, NULL),
('41', '297', 7, 13, NULL, 'Значение берется из объекта', 'ID_SELECTOR_OBJECT', '20', NULL, 0, '', 0, NULL, 0, 0, 0, NULL),
('41', '298', 2, 8, NULL, 'Описание', 'caption', NULL, NULL, 1, NULL, 0, NULL, 0, 0, 0, NULL),
('41', '299', 2, 8, NULL, 'Имя свойства', 'NAME', NULL, NULL, 1, NULL, 0, NULL, 0, 0, 0, NULL),
('49', '253', 11, 8, NULL, 'id', 'id_event', NULL, NULL, 1, NULL, 0, NULL, 0, 0, 0, NULL),
('49', '254', 7, 8, NULL, 'Тип события', 'id_event_type', '35', NULL, 1, NULL, 0, NULL, 0, 0, 0, NULL),
('49', '255', 1, 10, NULL, 'ИД экземпляра', 'id_instance', NULL, NULL, 0, NULL, 0, NULL, 0, 0, 0, NULL),
('49', '256', 4, 11, NULL, 'Дата создания события', 'event_create', NULL, NULL, 1, NULL, 0, NULL, 0, 0, 0, NULL),
('49', '257', 14, 16, NULL, 'Содержимое', 'event_message', NULL, NULL, 0, NULL, 0, NULL, 0, 0, 0, NULL),
('50', '258', 11, 8, NULL, 'id', 'id_mail_account', NULL, NULL, 1, NULL, 0, NULL, 0, 0, 0, NULL),
('50', '259', 2, 8, NULL, 'E-mail для поля "От"', 'email_from', NULL, NULL, 0, NULL, 0, NULL, 0, 0, 0, NULL),
('50', '260', 2, 8, NULL, 'Имя отправителя', 'from_name', NULL, NULL, 0, NULL, 0, NULL, 0, 0, 0, NULL),
('50', '261', 2, 10, NULL, 'Тема по умолчанию', 'default_subject', NULL, NULL, 0, NULL, 0, NULL, 0, 0, 0, NULL),
('50', '262', 2, 12, NULL, 'HOST', 'host', NULL, NULL, 1, NULL, 0, NULL, 0, 0, 0, NULL),
('50', '263', 2, 14, NULL, 'Имя пользователя для авторизации', 'user_name', NULL, NULL, 0, NULL, 0, NULL, 0, 0, 0, NULL),
('50', '264', 9, 13, NULL, 'Требуется ли авторизация', 'smtp_auth', NULL, '1', 1, NULL, 0, NULL, 0, 0, 0, NULL),
('50', '265', 2, 15, NULL, 'Пароль для авторизации', 'user_password', NULL, NULL, 0, NULL, 0, NULL, 0, 0, 0, NULL),
('500', '1500', 11, 1, NULL, 'ID', 'id_photogallery', NULL, NULL, 1, NULL, 0, 0, 0, 0, 0, NULL),
('500', '1501', 2, 2, NULL, 'Название', 'name', NULL, NULL, 1, NULL, 0, 0, 1, 0, 0, NULL),
('500', '1503', 3, 5, NULL, 'Текст в галерее', 'text_in_gallery', NULL, NULL, 0, NULL, 0, 0, 1, 0, 0, NULL),
('500', '1504', 13, 7, NULL, 'п/п', 'sequence', NULL, NULL, 0, NULL, 0, 0, 0, 0, 0, NULL),
('500', '1505', 12, 6, NULL, 'Родительский раздел', 'id_parent', NULL, NULL, 0, NULL, 0, 0, 0, 0, 0, NULL),
('501', '1507', 11, 1, NULL, 'ID', 'id_photogallery_photo', NULL, NULL, 1, NULL, 0, 0, 0, 0, 0, NULL),
('501', '1508', 2, 4, NULL, 'Название', 'name', NULL, NULL, 0, NULL, 0, 0, 1, 0, 0, NULL),
('501', '1509', 1, 3, NULL, 'Экземпляр-фотогалерея', 'id_photogallery_instance', '411', NULL, 1, NULL, 0, 1, 0, 0, 0, 'Экземпляр объекта, являющийся галереей фотографий'),
('501', '1510', 8, 5, NULL, 'Файл', 'file', NULL, NULL, 1, NULL, 0, 0, 0, 0, 0, NULL),
('501', '1511', 13, 6, NULL, 'п/п', 'sequence', NULL, NULL, 0, NULL, 0, 0, 0, 0, 0, NULL),
('501', '1512', 1, 2, NULL, 'Объект', 'id_photogallery_object', '20', NULL, 1, NULL, 0, 0, 0, 0, 0, 'Объект системы, экземпляр которого является фотогалереей'),
('502', '1513', 14, 7, NULL, 'Краткое содержание', 'short', NULL, NULL, 0, NULL, 0, 0, 0, 1, 0, NULL),
('502', '1514', 7, 5, NULL, 'Категория', 'id_news_category', '503', NULL, 0, NULL, 0, 0, 0, 0, 0, NULL),
('502', '1515', 3, 9, NULL, 'Содержание', 'content', NULL, NULL, 1, NULL, 0, 0, 0, 1, 0, NULL),
('502', '1516', 4, 4, NULL, 'Дата', 'date', NULL, NULL, 1, NULL, 0, 0, 0, 0, 0, NULL),
('502', '1517', 2, 2, NULL, 'Заголовок', 'title', NULL, NULL, 1, NULL, 0, 0, 0, 1, 0, NULL),
('502', '1518', 11, 1, NULL, 'ID', 'id_news', NULL, NULL, 1, NULL, 0, 0, 0, 0, 0, NULL),
('502', '1519', 8, 6, NULL, 'Картинка', 'photo', '1', NULL, 0, NULL, 0, 0, 0, 0, 0, 'Позволяет прикреплять иллюстрацию к новости'),
('502', '1520', 9, 3, NULL, 'Видимость', 'is_visible', NULL, '1', 0, NULL, 0, 0, 0, 0, 0, NULL),
('502', '1577', 15, 8, NULL, 'Загрузить файлы', NULL, NULL, NULL, 0, NULL, 0, 0, 0, 0, 0, NULL),
('503', '1521', 11, 52, NULL, 'id', 'id_news_category', NULL, NULL, 1, NULL, 0, 0, 0, 0, 0, NULL),
('503', '1522', 2, 53, NULL, 'Название', 'name', NULL, NULL, 1, NULL, 0, 0, 0, 1, 0, NULL),
('503', '1523', 13, 54, NULL, 'п/п', 'seq', NULL, NULL, 0, NULL, 0, 0, 0, 0, 0, NULL),
('503', '1524', 9, 149, NULL, 'Видимость', 'is_visible', NULL, '1', 0, NULL, 0, 0, 0, 0, 0, NULL),
('505', '1525', 11, 1, NULL, 'id', 'id_consultation_ask', NULL, NULL, 1, NULL, 0, 0, 0, 0, 0, NULL),
('505', '1526', 2, 2, NULL, 'ФИО спрашивающего', 'user_fio', NULL, NULL, 1, NULL, 0, 0, 0, 0, 0, NULL),
('505', '1527', 2, 3, NULL, 'E-mail спрашивающего', 'email', NULL, NULL, 0, NULL, 0, 0, 0, 0, 0, NULL),
('505', '1528', 14, 4, NULL, 'Вопрос', 'ask', NULL, NULL, 1, NULL, 0, 0, 0, 1, 0, NULL),
('505', '1529', 10, 5, 'project/plugin/consultation/ConsultationSpecializationVisualElement.php', 'Специализация вопроса', NULL, '2', NULL, 0, 'ConsultationSpecializationVisualElement', 0, 0, 0, 0, 0, NULL),
('505', '1530', 4, 6, NULL, 'Дата вопроса', 'ask_date', NULL, NULL, 1, NULL, 0, 0, 0, 0, 0, NULL),
('505', '1531', 2, 7, NULL, 'IP спрашивающего', 'ip', NULL, NULL, 0, NULL, 0, 0, 0, 0, 0, NULL),
('505', '1532', 9, 147, NULL, 'Видимость', 'is_visible', NULL, '1', 0, NULL, 0, 0, 0, 0, 0, NULL),
('505', '1587', 8, 0, NULL, 'Приложение', 'attachment', NULL, NULL, 0, NULL, 0, 0, 0, 0, 0, NULL),
('506', '1533', 11, 1, NULL, 'id', 'id_consultation_answer', NULL, NULL, 1, NULL, 0, 0, 0, 0, 0, NULL),
('506', '1534', 7, 2, NULL, 'Отвечающий', 'id_consultation_answerer', '507', NULL, 1, NULL, 0, 0, 0, 0, 0, NULL),
('506', '1535', 2, 3, NULL, 'Отвечающий (ручной ввод)', 'answerer', NULL, NULL, 0, NULL, 0, 0, 0, 1, 0, NULL),
('506', '1536', 4, 4, NULL, 'Дата ответа', 'answer_date', NULL, NULL, 1, NULL, 0, 0, 0, 0, 0, NULL),
('506', '1537', 7, 5, NULL, 'На вопрос', 'id_consultation_ask', '505', NULL, 1, NULL, 0, 1, 0, 0, 0, 'Указываем вопрос, на который даётся ответ'),
('506', '1538', 3, 6, NULL, 'Ответ', 'answer', NULL, NULL, 1, NULL, 0, 0, 0, 1, 0, NULL),
('506', '1539', 2, 7, NULL, 'IP отвечающего', 'ip', NULL, NULL, 0, NULL, 0, 0, 0, 0, 0, NULL),
('507', '1540', 10, 6, 'project/plugin/consultation/AnswererSpecializationVisualElement.php', 'Специализация', NULL, '2', NULL, 0, 'AnswererSpecializationVisualElement', 0, 0, 0, 0, 0, NULL),
('507', '1541', 3, 9, NULL, 'Полное описание', 'full_info', NULL, NULL, 0, NULL, 0, 0, 0, 0, 0, NULL),
('507', '1542', 3, 8, NULL, 'Краткое описание', 'short_info', NULL, NULL, 0, NULL, 0, 0, 0, 1, 0, NULL),
('507', '1543', 2, 4, NULL, 'Подпись после ФИО', 'caption_after', NULL, NULL, 0, NULL, 0, 0, 0, 0, 0, NULL),
('507', '1544', 8, 7, NULL, 'Фото', 'photo', '1', NULL, 0, NULL, 0, 0, 0, 0, 0, NULL),
('507', '1545', 2, 2, NULL, 'Подпись перед ФИО', 'caption_before', NULL, NULL, 0, NULL, 0, 0, 0, 0, 0, NULL),
('507', '1546', 2, 5, NULL, 'e-mail', 'email', NULL, NULL, 0, NULL, 0, 0, 0, 0, 0, NULL),
('507', '1547', 2, 3, NULL, 'ФИО отвечающего', 'name', NULL, NULL, 1, NULL, 0, 0, 0, 1, 0, NULL),
('507', '1548', 11, 1, NULL, 'id', 'id_consultation_answerer', NULL, NULL, 1, NULL, 0, 0, 0, 0, 0, NULL),
('508', '1549', 14, 81, NULL, 'Описание', 'description', NULL, NULL, 0, NULL, 0, 0, 0, 0, 0, NULL),
('508', '1550', 11, 79, NULL, 'id', 'id_consultation_specialization', NULL, NULL, 1, NULL, 0, 0, 0, 0, 0, NULL),
('508', '1551', 2, 80, NULL, 'Специализация', 'specialization', NULL, NULL, 1, NULL, 0, 0, 0, 1, 0, NULL),
('509', '1552', 11, 2, NULL, 'id', 'id_product_category', NULL, NULL, 1, NULL, 0, 0, 0, 0, 0, NULL),
('509', '1553', 2, 3, NULL, 'Название', 'name', NULL, NULL, 1, NULL, 0, 0, 0, 1, 0, NULL),
('509', '1554', 12, 5, NULL, 'Родитель', 'id_parent', '1', NULL, 0, NULL, 0, 0, 0, 0, 0, NULL),
('509', '1555', 8, 6, NULL, 'Изображение', 'image', '1', NULL, 0, NULL, 0, 0, 0, 0, 1, 'Изображение категории каталога'),
('509', '1557', 1, 7, NULL, 'Наценка', 'price_markup', NULL, '0', 1, NULL, 0, 0, 0, 0, 0, 'Наценка на оптовую цену перед выводом на сайт'),
('509', '1636', 13, 1, NULL, 'п/п', 'sequence', NULL, NULL, 0, NULL, 0, 0, 0, 0, 0, NULL),
('509', '1637', 9, 4, NULL, 'Видимость', 'visible', NULL, '1', 0, NULL, 0, 0, 0, 0, 0, NULL),
('51', '267', 11, 1, NULL, 'id', 'id_job', '1', NULL, 1, NULL, 0, 0, 0, 0, 0, 'Уникальный ИД задачи планировщика. Например для отправки уведомлений это будет ygin.send_mail  Вместо ygin можно использовать название проекта или компании.'),
('51', '268', 1, 4, NULL, 'Интервал запуска задачи (в секундах)', 'interval_value', NULL, NULL, 1, NULL, 0, NULL, 0, 0, 0, NULL),
('51', '269', 1, 5, NULL, 'Интервал запуска задачи в случае ошибки (в секундах)', 'error_repeat_interval', NULL, NULL, 1, NULL, 0, NULL, 0, 0, 0, NULL),
('51', '270', 4, 6, NULL, 'Дата первого запуска', 'first_start_date', NULL, NULL, 0, NULL, 0, NULL, 0, 0, 1, NULL),
('51', '271', 4, 7, NULL, 'Дата последнего запуска', 'last_start_date', NULL, NULL, 0, NULL, 0, 0, 0, 0, 0, NULL),
('51', '272', 4, 8, NULL, 'Дата следущего запуска', 'next_start_date', NULL, NULL, 0, NULL, 0, 0, 0, 0, 0, NULL),
('51', '273', 1, 9, NULL, 'Количество ошибок', 'failures', NULL, '0', 1, NULL, 0, NULL, 0, 0, 0, NULL),
('51', '274', 2, 2, NULL, 'Имя задачи', 'name', NULL, NULL, 1, NULL, 0, NULL, 0, 0, 0, NULL),
('51', '276', 2, 10, NULL, 'Имя класса задачи', 'class_name', NULL, NULL, 1, NULL, 0, 0, 0, 0, 0, NULL),
('51', '291', 9, 3, NULL, 'Вкл.', 'active', NULL, '1', 0, NULL, 0, 0, 0, 0, 0, NULL),
('51', '300', 1, 11, NULL, 'Приоритет запуска', 'priority', NULL, '0', 1, NULL, 0, 0, 0, 0, 1, NULL),
('51', '301', 4, 12, NULL, 'Дата запуска текущего потока', 'start_date', NULL, NULL, 0, NULL, 0, 0, 0, 0, 1, NULL),
('51', '302', 1, 13, NULL, 'Максимальное число секунд выполнения задачи', 'max_second_process', NULL, NULL, 0, NULL, 0, 0, 0, 0, 1, 'NULL или 0 - без ограничений'),
('511', '1564', 11, 1, NULL, 'id', 'id_product', NULL, NULL, 1, NULL, 0, 0, 0, 0, 0, NULL),
('511', '1565', 7, 2, NULL, 'Каталог продукции', 'id_product_category', '509', NULL, 1, NULL, 0, 1, 0, 0, 0, NULL),
('511', '1566', 2, 3, NULL, 'Артикул', 'code', NULL, NULL, 0, NULL, 0, 0, 0, 1, 0, 'Артикул, внутренний код и т.п.'),
('511', '1567', 2, 4, NULL, 'Название', 'name', NULL, NULL, 1, NULL, 0, 0, 0, 1, 0, NULL),
('511', '1568', 1, 7, NULL, 'Оптовая цена', 'trade_price', NULL, NULL, 1, NULL, 0, 0, 0, 0, 0, NULL),
('511', '1569', 1, 8, NULL, 'Мал. оптовая цена', 'sm_trade_price', NULL, NULL, 1, NULL, 0, 0, 0, 0, 0, NULL),
('511', '1570', 1, 9, NULL, 'Розничная цена', 'retail_price', NULL, NULL, 1, NULL, 0, 0, 0, 0, 0, NULL),
('511', '1571', 2, 10, NULL, 'Единица измерения', 'unit', NULL, NULL, 0, NULL, 0, 0, 0, 0, 0, NULL),
('511', '1573', 2, 11, NULL, 'Остаток', 'remain', NULL, NULL, 0, NULL, 0, 0, 0, 0, 0, NULL),
('511', '1574', 14, 13, NULL, 'Описание товара', 'description', NULL, NULL, 0, NULL, 0, 0, 0, 1, 0, NULL),
('511', '1576', 8, 6, NULL, 'Изображение', 'image', '1', NULL, 0, NULL, 0, 0, 0, 0, 0, NULL),
('511', '1616', 9, 14, NULL, 'Удален', 'deleted', NULL, NULL, 1, NULL, 0, 0, 0, 0, 0, NULL),
('511', '1617', 3, 15, NULL, 'Характеристики', 'properties', NULL, NULL, 0, NULL, 0, 0, 0, 1, 0, NULL),
('511', '1619', 3, 16, NULL, 'Монтаж', 'additional_desc', NULL, NULL, 0, NULL, 0, 0, 0, 1, 0, NULL),
('511', '1663', 9, 5, NULL, 'Видимость', 'visible', NULL, '1', 0, NULL, 0, 0, 0, 0, 0, NULL),
('511', '1671', 7, 12, NULL, 'Брэнд', 'id_brand', '525', NULL, 0, NULL, 0, 0, 0, 0, 0, NULL),
('511', '1691', 14, 0, NULL, 'Видео', 'video', NULL, NULL, 0, NULL, 0, 0, 0, 0, 1, 'HTML-код видео (напр. с сайта youtube.com)'),
('512', '1578', 11, 1, NULL, 'id', 'id_question', NULL, NULL, 1, NULL, 0, 0, 0, 0, 0, NULL),
('512', '1579', 4, 2, NULL, 'Дата', 'ask_date', NULL, NULL, 1, NULL, 0, 0, 0, 0, 0, NULL),
('512', '1580', 2, 3, NULL, 'Спрашивающий', 'name', NULL, NULL, 1, NULL, 0, 0, 0, 0, 0, NULL),
('512', '1581', 14, 5, NULL, 'Вопрос', 'question', NULL, NULL, 1, NULL, 0, 0, 0, 1, 0, NULL),
('512', '1582', 2, 4, NULL, 'E-mail', 'email', NULL, NULL, 0, NULL, 0, 0, 0, 0, 0, NULL),
('512', '1583', 3, 7, NULL, 'Ответ', 'answer', NULL, NULL, 0, NULL, 0, 0, 0, 1, 0, NULL),
('512', '1585', 9, 6, NULL, 'Видимость', 'visible', NULL, '1', 0, NULL, 0, 0, 0, 0, 0, NULL),
('517', '1609', 11, 1, NULL, 'id', 'id_feedback', NULL, NULL, 1, NULL, 0, NULL, 0, 0, 0, NULL),
('517', '1610', 2, 0, NULL, 'ФИО', 'fio', NULL, NULL, 1, NULL, 0, 0, 0, 0, 0, NULL),
('517', '1611', 2, 0, NULL, 'Телефон', 'phone', NULL, NULL, 0, NULL, 0, 0, 0, 0, 0, NULL),
('517', '1612', 2, 257, NULL, 'e-mail', 'mail', NULL, NULL, 0, NULL, 0, 0, 0, 0, 0, NULL),
('517', '1613', 14, 0, NULL, 'Сообщение', 'message', NULL, NULL, 1, NULL, 0, 0, 0, 0, 0, NULL),
('517', '1614', 4, 0, NULL, 'Дата сообщения', 'date', NULL, NULL, 1, NULL, 0, 0, 0, 0, 0, NULL),
('517', '1615', 2, 0, NULL, 'ip', 'ip', NULL, NULL, 1, NULL, 0, 0, 0, 0, 0, NULL),
('519', '1620', 11, 1, NULL, 'id', 'id_offer', NULL, NULL, 1, NULL, 0, NULL, 0, 0, 0, NULL),
('519', '1621', 2, 4, NULL, 'ФИО', 'fio', NULL, NULL, 1, NULL, 0, 0, 0, 0, 0, NULL),
('519', '1622', 2, 5, NULL, 'Телефон', 'phone', NULL, NULL, 0, NULL, 0, 0, 0, 0, 0, NULL),
('519', '1623', 2, 6, NULL, 'e-mail', 'mail', NULL, NULL, 1, NULL, 0, 0, 0, 0, 0, NULL),
('519', '1624', 14, 7, NULL, 'Пожелания', 'comment', NULL, NULL, 0, NULL, 0, 0, 0, 0, 0, NULL),
('519', '1625', 14, 8, NULL, 'Заказ', 'offer_text', NULL, NULL, 1, NULL, 0, 0, 0, 0, 0, NULL),
('519', '1626', 4, 2, NULL, 'Дата заказа', 'create_date', NULL, NULL, 1, NULL, 0, 0, 0, 0, 0, NULL),
('519', '1627', 9, 3, NULL, 'Обработано', 'is_process', NULL, NULL, 0, NULL, 0, 0, 0, 0, 0, NULL),
('519', '1628', 2, 9, NULL, 'ip', 'ip', NULL, NULL, 1, NULL, 0, 0, 0, 0, 1, NULL),
('519', '1629', 9, 10, NULL, 'Отправлено ли уведомление', 'is_send', NULL, NULL, 0, NULL, 0, 0, 0, 0, 1, NULL),
('519', '1665', 6, 0, NULL, 'Статус', 'status', '101', NULL, 1, NULL, 0, 0, 0, 0, 0, NULL),
('520', '1630', 11, 1, NULL, 'id', 'id_vitrine', NULL, NULL, 1, NULL, 0, 0, 0, 0, 0, NULL),
('520', '1631', 2, 3, NULL, 'Ссылка на переход', 'link', NULL, NULL, 0, NULL, 0, 0, 0, 0, 0, NULL),
('520', '1632', 2, 4, NULL, 'Заголовок', 'title', NULL, NULL, 0, NULL, 0, 0, 0, 0, 0, NULL),
('520', '1633', 14, 5, NULL, 'Дополнительный текст', 'text', NULL, NULL, 0, NULL, 0, 0, 0, 0, 0, NULL),
('520', '1634', 8, 2, NULL, 'Фото', 'image', '1', NULL, 0, NULL, 0, 0, 0, 0, 0, NULL),
('520', '1635', 13, 0, NULL, 'п/п', 'sequence', NULL, NULL, 0, NULL, 0, 0, 0, 0, 0, NULL),
('521', '1638', 11, 1, NULL, 'id', 'id_quiz', NULL, NULL, 1, NULL, 0, NULL, 0, 0, 0, NULL),
('521', '1639', 2, 0, NULL, 'name', 'name', NULL, NULL, 1, NULL, 0, 0, 0, 0, 0, NULL),
('521', '1640', 15, 0, NULL, 'Файлы', NULL, '1', NULL, 0, NULL, 0, 0, 0, 0, 0, NULL),
('521', '1641', 3, 0, NULL, 'description', 'description', NULL, NULL, 0, NULL, 0, 0, 0, 0, 0, NULL),
('521', '1642', 9, 0, NULL, 'active', 'active', NULL, '1', 0, NULL, 0, 0, 0, 0, 0, NULL),
('522', '1643', 11, 1, NULL, 'id', 'id_quiz_question', NULL, NULL, 1, NULL, 0, NULL, 0, 0, 0, NULL),
('522', '1644', 7, 269, NULL, 'Викторина', 'id_quiz', '521', NULL, 1, NULL, 0, 1, 0, 0, 0, NULL),
('522', '1645', 15, 0, NULL, 'Файлы', NULL, '1', NULL, 0, NULL, 0, 0, 0, 0, 0, NULL),
('522', '1646', 3, 271, NULL, 'Текст вопроса', 'question', NULL, NULL, 1, NULL, 0, 0, 0, 0, 0, NULL),
('522', '1647', 6, 272, NULL, 'Тип ответов', 'type', '100', '1', 1, NULL, 0, 0, 0, 0, 0, NULL),
('522', '1648', 13, 0, NULL, 'п/п', 'sequence', '521', NULL, 0, NULL, 0, 0, 0, 0, 0, NULL),
('523', '1649', 11, 1, NULL, 'id', 'id_quiz_answer', NULL, NULL, 1, NULL, 0, NULL, 0, 0, 0, NULL),
('523', '1650', 7, 0, NULL, 'Вопрос', 'id_quiz_question', '522', NULL, 1, NULL, 0, 1, 0, 0, 0, NULL),
('523', '1651', 2, 0, NULL, 'Текст ответа', 'answer', NULL, NULL, 1, NULL, 0, 0, 0, 0, 0, NULL),
('523', '1652', 9, 0, NULL, 'Правильный ли ответ', 'is_right', NULL, NULL, 0, NULL, 0, 0, 0, 0, 0, NULL),
('523', '1653', 13, 0, NULL, 'п/п', 'sequence', '522', NULL, 0, NULL, 0, 0, 0, 0, 0, NULL),
('524', '1654', 11, 1, NULL, 'id', 'id_quiz_answer_user', NULL, NULL, 1, NULL, 0, NULL, 0, 0, 0, NULL),
('524', '1655', 7, 278, NULL, 'Викторина', 'id_quiz', '521', NULL, 1, NULL, 0, 1, 0, 0, 0, NULL),
('524', '1656', 2, 279, NULL, 'ФИО', 'name', NULL, NULL, 1, NULL, 0, 0, 0, 0, 0, NULL),
('524', '1657', 2, 0, NULL, 'mail', 'mail', NULL, NULL, 1, NULL, 0, 0, 0, 0, 0, NULL),
('524', '1658', 2, 0, NULL, 'Читательский билет', 'library_card', NULL, NULL, 0, NULL, 0, 0, 0, 0, 0, NULL),
('524', '1659', 2, 0, NULL, 'Контактная информация', 'contact', NULL, NULL, 0, NULL, 0, 0, 0, 0, 0, NULL),
('524', '1660', 14, 0, NULL, 'Ответ', 'answer', NULL, NULL, 1, NULL, 0, 0, 0, 0, 0, NULL),
('524', '1661', 4, 0, NULL, 'Дата', 'create_date', NULL, NULL, 1, NULL, 0, 0, 0, 0, 0, NULL),
('524', '1662', 2, 0, NULL, 'ip', 'ip', NULL, NULL, 1, NULL, 0, 0, 0, 0, 0, NULL),
('525', '1666', 11, 1, NULL, 'id', 'id_brand', NULL, NULL, 1, NULL, 0, 0, 0, 0, 0, NULL),
('525', '1667', 2, 2, NULL, 'Название', 'name', NULL, NULL, 1, NULL, 0, 0, 0, 1, 0, NULL),
('525', '1668', 12, 4, NULL, 'Родительский брэнд', 'id_parent', '1', NULL, 0, NULL, 0, 0, 0, 0, 0, NULL),
('525', '1669', 8, 3, NULL, 'Логотип брэнда', 'image', '1', NULL, 0, NULL, 0, 0, 0, 0, 0, NULL),
('525', '1670', 13, 0, NULL, 'п/п', 'sequence', '-1', NULL, 0, NULL, 0, 0, 0, 0, 0, NULL),
('527', '1673', 11, 1, NULL, 'id', 'id_plugin', NULL, NULL, 1, NULL, 0, NULL, 0, 0, 0, NULL),
('527', '1674', 2, 0, NULL, 'Название', 'name', NULL, NULL, 1, NULL, 0, 0, 0, 0, 0, NULL),
('527', '1675', 2, 0, NULL, 'Код', 'code', NULL, NULL, 1, NULL, 0, 0, 0, 0, 0, NULL),
('527', '1676', 1, 282, NULL, 'Статус', 'status', NULL, '1', 1, NULL, 0, 0, 0, 0, 0, NULL),
('527', '1677', 14, 283, NULL, 'Сериализованные настройки', 'config', NULL, NULL, 0, NULL, 0, 0, 0, 0, 0, NULL),
('527', '1678', 2, 0, NULL, 'Класс плагина', 'class_name', NULL, NULL, 1, NULL, 0, 0, 0, 0, 0, NULL),
('527', '1681', 14, 286, NULL, 'data', 'data', NULL, NULL, 0, NULL, 0, 0, 0, 0, 0, NULL),
('529', '1679', 11, 1, NULL, 'id', 'id_remain_status', NULL, NULL, 1, NULL, 0, NULL, 0, 0, 0, NULL),
('529', '1680', 2, 0, NULL, 'Название', 'name', NULL, NULL, 1, NULL, 0, 0, 0, 0, 0, NULL),
('529', '1682', 1, 0, NULL, 'Макс. значение по-умолчанию', 'max_value', NULL, NULL, 1, NULL, 0, 0, 0, 0, 0, NULL),
('529', '1683', 1, 0, NULL, 'Мин. значение по-умолчанию', 'min_value', NULL, NULL, 1, NULL, 0, 0, 0, 0, 0, NULL),
('529', '1692', 2, 0, NULL, 'Иконка', 'icon', NULL, NULL, 0, NULL, 0, 0, 0, 0, 0, NULL),
('530', '1684', 11, 1, NULL, 'id', 'id_client_review', NULL, NULL, 1, NULL, 0, NULL, 0, 0, 0, NULL),
('530', '1685', 2, 0, NULL, 'ФИО', 'name', NULL, NULL, 1, NULL, 0, 0, 0, 0, 0, NULL),
('530', '1686', 4, 0, NULL, 'Дата', 'create_date', NULL, NULL, 1, NULL, 0, 0, 0, 0, 0, NULL),
('530', '1687', 14, 0, NULL, 'Текст отзыва', 'review', NULL, NULL, 1, NULL, 0, 0, 0, 0, 0, NULL),
('530', '1688', 2, 0, NULL, 'ip', 'ip', NULL, NULL, 1, NULL, 0, 0, 0, 0, 0, NULL),
('530', '1689', 9, 0, NULL, 'Видимость на сайте', 'visible', NULL, NULL, 0, NULL, 0, 0, 0, 0, 0, NULL),
('530', '1690', 2, 0, NULL, 'Контакты клиента', 'contact', NULL, NULL, 0, NULL, 0, 0, 0, 0, 0, NULL),
('531', '1693', 11, 1, NULL, 'id', 'id_message', NULL, NULL, 1, NULL, 0, NULL, 0, 0, 0, NULL),
('531', '1694', 14, 0, NULL, 'Текст', 'text', NULL, NULL, 1, NULL, 0, 0, 0, 0, 0, NULL),
('531', '1695', 4, 0, NULL, 'Дата создания', 'date', NULL, NULL, 1, NULL, 0, 0, 0, 0, 0, NULL),
('531', '1696', 1, 0, NULL, 'тип', 'type', NULL, '1', 1, NULL, 0, 0, 0, 0, 0, NULL),
('54', '310', 11, 8, NULL, 'id', 'id_localization', NULL, NULL, 1, NULL, 0, NULL, 0, 0, 0, NULL),
('54', '311', 2, 8, NULL, 'Название', 'name', NULL, NULL, 1, NULL, 0, NULL, 0, 0, 0, NULL),
('54', '312', 2, 8, NULL, 'Код', 'code', NULL, NULL, 1, NULL, 0, NULL, 0, 0, 0, NULL),
('54', '313', 9, 12, NULL, 'Используется ли локализация', 'is_use', NULL, '1', 1, NULL, 0, NULL, 0, 0, 0, NULL),
('61', '140', 11, 9, NULL, 'id', 'id_instruction', NULL, NULL, 1, NULL, 0, NULL, 0, 0, 0, NULL),
('61', '141', 2, 10, NULL, 'Название', 'name', NULL, NULL, 1, NULL, 0, NULL, 0, 0, 0, NULL),
('61', '142', 3, 13, NULL, 'Описание', 'content', NULL, NULL, 1, NULL, 0, NULL, 0, 0, 0, NULL),
('61', '143', 9, 12, NULL, 'Относится только к этому сайту', 'desc_type', NULL, '0', 0, NULL, 0, NULL, 0, 0, 0, NULL),
('61', '144', 9, 11, NULL, 'Видимость', 'visible', NULL, '1', 0, NULL, 0, NULL, 0, 0, 0, NULL),
('61', '145', 13, 8, NULL, 'п/п', 'num_seq', NULL, NULL, 0, NULL, 0, NULL, 0, 0, 0, NULL),
('63', '400', 11, 1, NULL, 'id', 'id_object_view', '1', NULL, 1, NULL, 0, 0, 0, 0, 0, 'Уникальный ИД представления объекта в виде строки. Обычно имеет имя ygin.news.view.main  Вместо ygin можно использовать название проекта или компании'),
('63', '401', 7, 4, NULL, 'Объект', 'id_object', '20', NULL, 1, NULL, 0, 1, 0, 0, 0, NULL),
('63', '402', 2, 8, NULL, 'SELECT', 'sql_select', NULL, NULL, 0, NULL, 0, 0, 0, 0, 0, NULL),
('63', '403', 2, 9, NULL, 'FROM', 'sql_from', NULL, NULL, 0, NULL, 0, 0, 0, 0, 0, NULL),
('63', '404', 2, 10, NULL, 'WHERE', 'sql_where', NULL, NULL, 0, NULL, 0, NULL, 0, 0, 0, NULL),
('63', '405', 2, 11, NULL, 'ORDER BY', 'sql_order_by', NULL, NULL, 0, NULL, 0, NULL, 0, 0, 0, NULL),
('63', '406', 2, 5, NULL, 'Имя представления', 'name', NULL, NULL, 1, NULL, 0, 0, 0, 0, 0, NULL),
('63', '407', 1, 12, NULL, 'Количество отображаемых результатов на страницу', 'count_data', NULL, '50', 1, NULL, 0, 0, 0, 0, 0, NULL),
('63', '408', 13, 6, NULL, 'п/п', 'order_no', NULL, '1', 0, NULL, 0, 0, 0, 0, 0, NULL);
INSERT INTO `da_object_parameters` (`id_object`, `id_parameter`, `id_parameter_type`, `sequence`, `widget`, `caption`, `field_name`, `add_parameter`, `default_value`, `not_null`, `sql_parameter`, `is_unique`, `group_type`, `need_locale`, `search`, `is_additional`, `hint`) VALUES
('63', '409', 9, 7, NULL, 'Видимость в панели', 'visible', '0', '1', 1, NULL, 0, 0, 0, 0, 0, ''),
('63', '410', 2, 2, NULL, 'css-класс иконки', 'icon_class', NULL, NULL, 0, NULL, 0, 0, 0, 0, 0, 'Css-класс иконки из Twitter Bootstrap, который будет отображаться в меню'),
('63', '411', 2, 3, NULL, 'Иерархия по полю', 'id_parent', NULL, NULL, 0, NULL, 0, 0, 0, 0, 0, 'Родительское поле для построения иерархии данных'),
('66', '415', 11, 1, NULL, 'id', 'id_object_view_column', '1', NULL, 1, NULL, 0, 0, 0, 0, 0, 'Уникальный ИД колонки представления. Например для заголовка новости ИД будет равен ygin.news.view.main.title  Вместо ygin можно использовать название проекта или компании.'),
('66', '416', 7, 2, NULL, 'Представление', 'id_object_view', '63', NULL, 1, NULL, 0, 1, 0, 0, 0, NULL),
('66', '417', 7, 3, NULL, 'Объект', 'id_object', '20', NULL, 1, NULL, 0, 0, 0, 0, 0, NULL),
('66', '418', 2, 4, NULL, 'Заголовок колонки', 'caption', NULL, NULL, 0, NULL, 0, 0, 0, 0, 0, NULL),
('66', '419', 13, 6, NULL, 'п/п', 'order_no', NULL, '1', 1, NULL, 0, 0, 0, 0, 0, NULL),
('66', '420', 7, 7, 'backend.backend.objectParameter.selectObjectParameterWidget.SelectObjectParameterWidget', 'Параметр объекта', 'id_object_parameter', '21', '', 0, '', 0, 0, 0, 0, 0, ''),
('66', '421', 7, 8, NULL, 'Тип данных', 'id_data_type', '22', '2', 1, 'id_parameter_type IN (1, 2, 3, 4, 6, 7, 8, 9, 10, 14)', 0, 0, 0, 0, 0, NULL),
('66', '422', 2, 9, NULL, 'Имя поля', 'field_name', NULL, NULL, 1, NULL, 0, 0, 0, 0, 0, NULL),
('66', '423', 7, 10, NULL, 'Обработчик', 'handler', '80', NULL, 0, 'id_php_script_interface IN (6, 7)', 0, 0, 0, 0, 0, NULL),
('66', '424', 9, 5, NULL, 'Видимость', 'visible', NULL, '1', 0, NULL, 0, 0, 0, 0, 0, NULL),
('80', '334', 9, 4, NULL, 'Активен', 'active', NULL, '1', 1, NULL, 0, 0, 0, 0, 0, NULL),
('80', '337', 7, 2, NULL, 'Интерфейс', 'id_php_script_interface', '86', '1', 1, NULL, 0, 1, 0, 0, 0, NULL),
('80', '338', 11, 1, NULL, 'id', 'id_php_script_type', '1', NULL, 1, NULL, 0, 0, 0, 0, 0, 'Уникальный ИД пхп обработчика. Например для модуля новостей это будет ygin.news.module.last  Вместо ygin можно использовать название проекта или компании.'),
('80', '339', 2, 5, NULL, 'Путь к скрипту', 'file_path', NULL, NULL, 1, NULL, 0, NULL, 0, 0, 0, NULL),
('80', '340', 2, 6, NULL, 'Имя класса', 'class_name', NULL, NULL, 1, NULL, 0, NULL, 0, 0, 0, NULL),
('80', '342', 2, 3, NULL, 'Название скрипта', 'description', NULL, NULL, 1, NULL, 0, NULL, 0, 0, 0, NULL),
('86', '347', 11, 1, NULL, 'id', 'id_php_script_interface', NULL, NULL, 1, NULL, 0, 0, 0, 0, 0, NULL),
('86', '348', 2, 3, NULL, 'Название', 'name', NULL, NULL, 1, NULL, 0, 0, 0, 0, 0, NULL),
('86', '350', 14, 4, NULL, 'Шаблон файла', 'template', NULL, NULL, 0, NULL, 0, 0, 0, 0, 0, 'Не надо открывать и закрывать php (<?php ?>), пишется только тело кода.\r\nДопускаются следующие переменные шаблона:\r\n<<class_name>> - имя класса'),
('86', '351', 13, 2, NULL, 'Порядок', 'sequence', NULL, '1', 0, NULL, 0, 0, 0, 0, 0, NULL),
('ygin.menu', '1', 11, 1, NULL, 'id', 'id', NULL, NULL, 1, NULL, 0, 0, 0, 0, 0, NULL),
('ygin.menu', '10', 6, 12, NULL, 'При отсутствии контента:', 'go_to_type', '33', '1', 1, NULL, 0, 0, 0, 0, 0, 'Определяет действия в случае отсутствия содержимого раздела, но наличия вложенных разделов или загруженных файлов'),
('ygin.menu', '11', 8, 22, NULL, 'Картинка для раздела', 'image', '1', NULL, 0, NULL, 0, 0, 0, 0, 1, NULL),
('ygin.menu', '127', 2, 3, NULL, 'Название в адресной строке', 'alias', NULL, NULL, 0, NULL, 1, 0, 0, 0, 0, 'Обязательно на английском языке. Необходимо для формирования человекопонятных URLов.'),
('ygin.menu', '15', 7, 13, NULL, 'Набор модулей', 'id_module_template', '101', 'SiteModuleTemplate::getIdDefaultTemplate();', 0, NULL, 0, 0, 0, 0, 1, NULL),
('ygin.menu', '152', 2, 16, NULL, '<title>', 'title_teg', NULL, NULL, 0, NULL, 0, 0, 1, 1, 1, 'При отсутствии значения, заполняется автоматически заголовком раздела'),
('ygin.menu', '153', 2, 18, NULL, '<meta name="description">', 'meta_description', NULL, NULL, 0, NULL, 0, 0, 1, 0, 1, NULL),
('ygin.menu', '154', 2, 17, NULL, '<meta name="keywords">', 'meta_keywords', NULL, NULL, 0, NULL, 0, 0, 1, 1, 1, NULL),
('ygin.menu', '2', 2, 2, 'menu.backend.widgets.menuName.MenuNameWidget', 'Название в меню', 'name', '0', 'Имя раздела', 1, '', 0, 0, 1, 1, 0, 'Краткое название раздела, отображаемое в меню сайта'),
('ygin.menu', '229', 15, 7, NULL, 'Загрузка файлов', NULL, NULL, NULL, 0, NULL, 0, 0, 0, 0, 0, 'Форма загрузки изображений, вордовских и экселевских документов, архивов и прочих файлов в этот раздел сайта'),
('ygin.menu', '3', 2, 4, NULL, 'Заголовок раздела', 'caption', '0', NULL, 0, NULL, 0, 0, 1, 1, 0, 'Заголовок не виден в меню сайта, но отображается крупно над текстом в самом разделе. Заголовок обычно длиннее названия в меню.'),
('ygin.menu', '330', 9, 21, NULL, 'Раздел можно удалить', 'removable', '0', '1', 0, '', 0, 0, 0, 0, 1, 'Определяет возможность удаления раздела. Актуально для динамических разделов.'),
('ygin.menu', '4', 3, 8, NULL, 'Содержимое раздела', 'content', NULL, NULL, 0, NULL, 0, 0, 1, 1, 0, NULL),
('ygin.menu', '5', 9, 5, NULL, 'Видимость', 'visible', NULL, '1', 0, NULL, 0, 0, 0, 0, 0, 'Раздел не отображается в меню, но остаётся доступным по пряму адресу (URL)'),
('ygin.menu', '549', 10, 6, 'menu.backend.widgets.externalLink.ExternalLinkWidget', 'Ссылка на страницу', 'external_link', '2', '', 0, 'MenuHref', 0, 0, 0, 0, 1, 'При отображении в меню раздел будет иметь указанную ссылку. Используется для создания внешних ссылок в меню или прямых ссылок на файл (например, прайс).'),
('ygin.menu', '6', 12, 14, NULL, 'Смена родительского раздела', 'id_parent', '1', NULL, 0, NULL, 0, 0, 0, 0, 1, ''),
('ygin.menu', '7', 13, 11, NULL, '&nbsp;', 'sequence', NULL, NULL, 1, NULL, 0, 0, 0, 0, 0, NULL),
('ygin.menu', '8', 2, 9, NULL, 'Примечания', 'note', NULL, NULL, 0, NULL, 0, 0, 1, 0, 1, 'Нигде не отображаются, исключительно для комментариев в системе администрирования'),
('ygin.menu', '9', 18, 10, NULL, 'Представление на сайте', 'handler', NULL, NULL, 0, NULL, 0, 0, 0, 0, 0, 'Настройка дополнительных параметров динамических разделов');

-- --------------------------------------------------------

--
-- Структура таблицы `da_object_parameter_type`
--

CREATE TABLE IF NOT EXISTS `da_object_parameter_type` (
  `id_parameter_type` int(8) NOT NULL COMMENT 'ИД',
  `sequence` int(3) NOT NULL default '1' COMMENT 'Порядок',
  `name` varchar(100) NOT NULL COMMENT 'Название типа данных',
  `sql_type` varchar(255) default NULL COMMENT 'sql тип',
  PRIMARY KEY  (`id_parameter_type`)
) ENGINE=InnoDB DEFAULT CHARSET=utf8 COMMENT='Типы данных';

--
-- Дамп данных таблицы `da_object_parameter_type`
--

INSERT INTO `da_object_parameter_type` (`id_parameter_type`, `sequence`, `name`, `sql_type`) VALUES
(1, 2, 'Число', 'INT(8)'),
(2, 3, 'Строка', 'VARCHAR(255)'),
(3, 7, 'HTML-редактор', 'LONGTEXT'),
(4, 4, 'Дата', 'INT(10) UNSIGNED'),
(6, 10, 'Справочник', 'INT(8)'),
(7, 11, 'Внешний ключ (Объект)', 'INT(8)'),
(8, 8, 'Файл', 'INT(8)'),
(9, 5, 'Логический (bool)', 'TINYINT(1)'),
(10, 12, 'Абстрактный', NULL),
(11, 1, 'Первичный ключ', 'INT(8)'),
(12, 14, 'Родительский ключ', 'INT(8)'),
(13, 17, 'Последовательность', 'INT(8)'),
(14, 6, 'Текст (text area)', 'LONGTEXT'),
(15, 9, 'Список файлов', NULL),
(17, 16, 'Скрытое поле', 'VARCHAR(255)'),
(18, 13, 'php-скрипт', NULL);

-- --------------------------------------------------------

--
-- Структура таблицы `da_object_property`
--

CREATE TABLE IF NOT EXISTS `da_object_property` (
  `ID_PROPERTY` int(8) NOT NULL COMMENT 'ID_PROPERTY',
  `NAME` varchar(255) NOT NULL COMMENT 'Имя свойства',
  `IS_NECESSARILY` int(1) NOT NULL default '0' COMMENT 'Обязательно для заполнения',
  `ID_REFERENCE` int(8) default NULL COMMENT 'Значение из справочника',
  `ID_PROPERTY_TYPE` int(2) NOT NULL default '0' COMMENT 'Тип свойства',
  `ID_OBJECT` int(8) NOT NULL default '0' COMMENT 'Объект',
  `DEFAULT_VALUE` varchar(255) default NULL COMMENT 'Значение по умолчанию',
  `ID_SELECTOR_OBJECT` int(8) default NULL COMMENT 'Значение берется из объекта',
  `caption` varchar(255) NOT NULL COMMENT 'Описание',
  PRIMARY KEY  (`ID_PROPERTY`),
  KEY `ID_OBJECT` (`ID_OBJECT`,`ID_PROPERTY`)
) ENGINE=InnoDB DEFAULT CHARSET=utf8 PACK_KEYS=0 COMMENT='Пользовательские свойства';

--
-- Дамп данных таблицы `da_object_property`
--


-- --------------------------------------------------------

--
-- Структура таблицы `da_object_property_value`
--

CREATE TABLE IF NOT EXISTS `da_object_property_value` (
  `ID_PROPERTY` int(8) NOT NULL default '0',
  `ID_REFERENCE_ELEMENT` int(8) default NULL,
  `VALUE` text,
  `ID_OBJECT_INSTANCE_VAL` int(8) default NULL,
  `id_object_instance` int(8) NOT NULL default '0',
  PRIMARY KEY  (`ID_PROPERTY`,`id_object_instance`),
  KEY `ID_PROPERTY` (`ID_PROPERTY`)
) ENGINE=InnoDB DEFAULT CHARSET=utf8;

--
-- Дамп данных таблицы `da_object_property_value`
--


-- --------------------------------------------------------

--
-- Структура таблицы `da_object_view`
--

CREATE TABLE IF NOT EXISTS `da_object_view` (
  `id_object_view` varchar(255) NOT NULL COMMENT 'id',
  `id_object` varchar(255) NOT NULL COMMENT 'Объект',
  `name` varchar(255) NOT NULL COMMENT 'Имя представления',
  `order_no` int(8) default '1' COMMENT 'п/п',
  `visible` tinyint(1) NOT NULL default '1' COMMENT 'Видимость в панели',
  `sql_select` varchar(255) default NULL COMMENT 'SELECT',
  `sql_from` varchar(255) default NULL COMMENT 'FROM',
  `sql_where` varchar(255) default NULL COMMENT 'WHERE',
  `sql_order_by` varchar(255) default NULL COMMENT 'ORDER BY',
  `count_data` int(8) NOT NULL default '50' COMMENT 'Количество отображаемых результатов на страницу',
  `icon_class` varchar(255) default NULL COMMENT 'css-класс иконки',
  `id_parent` varchar(255) default NULL COMMENT 'Иерархия по полю',
  PRIMARY KEY  (`id_object_view`)
) ENGINE=InnoDB DEFAULT CHARSET=utf8 COMMENT='Представление';

--
-- Дамп данных таблицы `da_object_view`
--

INSERT INTO `da_object_view` (`id_object_view`, `id_object`, `name`, `order_no`, `visible`, `sql_select`, `sql_from`, `sql_where`, `sql_order_by`, `count_data`, `icon_class`, `id_parent`) VALUES
('10', '28', 'Значения справочника', 1, 0, NULL, NULL, NULL, 'id_reference ASC', 50, NULL, NULL),
('100', '261', 'Баннерные места', 1, 1, NULL, NULL, NULL, 'sequence ASC', 50, NULL, 'id_parent'),
('101', '260', 'Баннеры', 1, 0, NULL, NULL, NULL, 'sequence ASC', 50, NULL, NULL),
('11', '29', 'Группы системных параметров', 1, 1, NULL, NULL, NULL, 'id_group_system_parameter DESC', 50, NULL, NULL),
('12', '30', 'Настройки сайта', 1, 1, NULL, NULL, NULL, 'id_group_system_parameter ASC', 50, NULL, NULL),
('13', '31', 'Домены сайта', 1, 1, NULL, NULL, NULL, 'id_domain ASC', 50, NULL, NULL),
('15', '33', 'Формат сообщения', 1, 1, NULL, NULL, NULL, 'id_event_format DESC', 50, NULL, NULL),
('16', '34', 'Подписчики на события', 1, 1, NULL, NULL, NULL, NULL, 50, 'icon-envelope', NULL),
('17', '35', 'Тип события', 1, 1, NULL, NULL, NULL, 'id_event_type DESC', 50, NULL, NULL),
('19', '37', 'Файлы', 1, 1, NULL, NULL, NULL, 'id_file ASC', 50, NULL, NULL),
('2', '20', 'Объекты', 1, 1, NULL, NULL, NULL, 'sequence ASC', 50, 'icon-th-large', 'parent_object'),
('2000', '500', 'Фотогалереи', 1, 1, NULL, NULL, NULL, 'id_photogallery ASC', 50, 'icon-picture', 'id_parent'),
('2001', '501', 'Фотографии', 1, 0, NULL, NULL, NULL, 'id_photogallery_photo ASC', 50, NULL, NULL),
('2002', '502', 'Новости', 1, 1, NULL, NULL, NULL, 'date DESC', 50, 'icon-bullhorn', NULL),
('2003', '503', 'Новости » Категории', 1, 1, NULL, NULL, NULL, NULL, 50, NULL, NULL),
('2004', '505', 'Консультации » Вопросы', 1, 0, 'IF(LENGTH(ask)<300, ask, CONCAT(SUBSTR(ask, 1, 300), ''...'')) AS short_ask', NULL, NULL, 'ask_date DESC', 50, NULL, NULL),
('2005', '506', 'Консультации » Ответ', 1, 0, 'IF(LENGTH(answer)<300, answer, CONCAT(SUBSTR(answer, 1, 300), ''...'')) AS short_answer', NULL, NULL, 'answer_date DESC', 50, NULL, NULL),
('2006', '507', 'Консультации » Специалисты', 1, 0, NULL, NULL, NULL, 'name ASC', 50, NULL, NULL),
('2007', '508', 'Консультации » Специализации', 1, 0, NULL, NULL, NULL, 'specialization ASC', 50, NULL, NULL),
('2008', '509', 'Каталог продукции', 1, 1, NULL, NULL, NULL, NULL, 50, 'icon-gift', 'id_parent'),
('2010', '511', 'Продукция', 1, 0, NULL, NULL, NULL, 'id_product ASC', 50, NULL, NULL),
('2011', '512', 'Вопрос-ответ', 1, 1, NULL, NULL, NULL, 'ask_date DESC', 50, 'icon-retweet', NULL),
('2016', '517', 'Обратная связь', 1, 1, NULL, NULL, NULL, 'id_feedback DESC', 50, 'icon-share-alt', NULL),
('2017', '519', 'Заказы пользователей', 1, 1, NULL, NULL, NULL, 'create_date DESC', 50, 'icon-shopping-cart', NULL),
('2018', '520', 'Витрина', 1, 1, NULL, NULL, NULL, 'sequence ASC', 50, NULL, NULL),
('2019', '521', 'Викторины', 1, 1, NULL, NULL, NULL, 'id_quiz DESC', 50, NULL, NULL),
('2020', '522', 'Вопросы викторины', 1, 0, NULL, NULL, NULL, 'sequence ASC', 50, NULL, NULL),
('2021', '523', 'Варианты ответов', 1, 0, NULL, NULL, NULL, 'sequence ASC', 50, NULL, NULL),
('2022', '524', 'Ответ пользователя', 1, 0, NULL, NULL, NULL, 'create_date DESC', 50, NULL, NULL),
('2023', '525', 'Брэнды', 1, 1, NULL, NULL, NULL, 'sequence ASC', 50, NULL, 'id_parent'),
('2024', '529', 'Статусы остатка продукции', 1, 1, NULL, NULL, NULL, 'id_remain_status ASC', 50, NULL, NULL),
('2025', '530', 'Отзывы клиентов', 1, 1, NULL, NULL, NULL, 'create_date DESC', 50, NULL, NULL),
('2026', '531', 'Уведомления', 1, 1, NULL, NULL, NULL, 'date DESC', 50, NULL, NULL),
('21', '39', 'Типы файлов', 1, 1, NULL, NULL, NULL, 'id_file_type ASC', 50, NULL, NULL),
('22', '40', 'Расширения файлов', 1, 1, NULL, NULL, NULL, 'id_file_extension ASC', 50, NULL, NULL),
('22.view.main', '22', 'Типы данных', 1, 1, NULL, NULL, NULL, 'sequence', 50, NULL, NULL),
('23', '41', 'Пользовательские свойства', 1, 1, NULL, NULL, NULL, NULL, 50, NULL, NULL),
('3', '21', 'Свойства объекта', 1, 0, NULL, NULL, NULL, 'sequence ASC', 50, NULL, NULL),
('31', '49', 'События', 1, 1, NULL, NULL, NULL, 'id_event DESC', 50, NULL, NULL),
('32', '50', 'Почтовые аккаунты', 1, 1, NULL, NULL, NULL, 'host ASC', 50, NULL, NULL),
('33', '51', 'Планировщик', 1, 1, NULL, NULL, NULL, 'id_job ASC', 50, NULL, NULL),
('35', '54', 'Доступные локализации', 1, 1, NULL, NULL, NULL, 'id_localization ASC', 50, NULL, NULL),
('41', '61', 'Инструкции', 1, 1, NULL, NULL, NULL, 'num_seq ASC', 50, NULL, NULL),
('43', '63', 'Представление', 1, 0, NULL, NULL, NULL, 'order_no ASC', 50, NULL, NULL),
('44', '66', 'Колонка представления', 1, 0, NULL, NULL, NULL, 'order_no ASC', 50, NULL, NULL),
('50', '80', 'php-скрипты', 1, 0, NULL, NULL, NULL, 'id_php_script_type ASC', 50, NULL, NULL),
('52', '86', 'Интерфейс php-скрипта', 1, 1, NULL, NULL, NULL, 'id_php_script_interface ASC', 50, NULL, NULL),
('55', '101', 'Модули &raquo; Наборы модулей', 1, 1, NULL, NULL, NULL, 'id_module_template ASC', 50, NULL, NULL),
('57', '103', 'Модули &raquo; Модули сайта', 1, 1, NULL, NULL, NULL, 'name ASC', 50, NULL, NULL),
('58', '105', 'Голосование', 1, 1, NULL, NULL, NULL, 'create_date DESC', 50, 'icon-check', NULL),
('59', '106', 'Ответы на голосование', 1, 0, NULL, NULL, NULL, NULL, 50, NULL, NULL),
('6', '24', 'Пользователи', 1, 1, NULL, NULL, NULL, NULL, 50, 'icon-user', NULL),
('67', '250', 'Комментарии', 1, 1, NULL, NULL, NULL, 'comment_date ASC', 50, 'icon-comment', 'id_parent'),
('7', '25', 'Типы прав доступа', 1, 1, NULL, NULL, NULL, NULL, 50, NULL, NULL),
('9', '27', 'Справочники', 1, 1, NULL, NULL, NULL, 'id_reference ASC', 50, NULL, NULL),
('ygin.menu.view.main', 'ygin.menu', 'Меню', 1, 1, 'external_link, go_to_type, alias, id_parent, content', NULL, NULL, 'sequence ASC', 50, 'icon-list-alt', 'id_parent');

-- --------------------------------------------------------

--
-- Структура таблицы `da_object_view_column`
--

CREATE TABLE IF NOT EXISTS `da_object_view_column` (
  `id_object_view_column` varchar(255) NOT NULL COMMENT 'id',
  `id_object_view` varchar(255) NOT NULL COMMENT 'Представление',
  `id_object` varchar(255) NOT NULL COMMENT 'Объект',
  `caption` varchar(255) default NULL COMMENT 'Заголовок колонки',
  `order_no` int(8) NOT NULL default '1' COMMENT 'п/п',
  `id_object_parameter` varchar(255) default NULL COMMENT 'Параметр объекта',
  `id_data_type` int(8) NOT NULL default '2' COMMENT 'Тип данных',
  `field_name` varchar(255) NOT NULL COMMENT 'Имя поля',
  `handler` varchar(255) default NULL COMMENT 'Обработчик',
  `visible` tinyint(1) default '1' COMMENT 'Видимость',
  PRIMARY KEY  (`id_object_view_column`)
) ENGINE=InnoDB DEFAULT CHARSET=utf8 COMMENT='Колонка представления';

--
-- Дамп данных таблицы `da_object_view_column`
--

INSERT INTO `da_object_view_column` (`id_object_view_column`, `id_object_view`, `id_object`, `caption`, `order_no`, `id_object_parameter`, `id_data_type`, `field_name`, `handler`, `visible`) VALUES
('105', '50', '80', 'Доступен', 0, '334', 9, 'active', NULL, 1),
('106', '50', '80', 'Интерфейс', 1, '337', 7, 'id_php_script_interface', NULL, 1),
('107', '50', '80', 'Путь к скрипту', 3, '339', 2, 'file_path', NULL, 1),
('108', '50', '80', 'Имя класса', 4, '340', 2, 'class_name', NULL, 1),
('11', '6', '24', 'Имя пользователя', 1, '93', 2, 'full_name', NULL, 1),
('112', '52', '86', 'Название', 1, '348', 2, 'name', NULL, 1),
('115', 'ygin.menu.view.main', 'ygin.menu', 'Название в меню', 1, '2', 2, 'name', NULL, 1),
('116', 'ygin.menu.view.main', 'ygin.menu', NULL, 2, '5', 10, 'visible', '3', 1),
('117', '55', '101', 'Название шаблона', 1, '13', 2, 'name', NULL, 1),
('118', '55', '101', 'Шаблон по умолчанию', 2, '16', 9, 'is_default_template', NULL, 1),
('119', '50', '80', 'Имя', 2, '342', 2, 'description', NULL, 1),
('12', '6', '24', 'Группа пользователя', 2, '89', 7, 'id_group', NULL, 0),
('120', '57', '103', 'Видимость', 3, '546', 9, 'is_visible', NULL, 1),
('121', '57', '103', NULL, 2, '544', 10, 'link', '4', 1),
('122', '57', '103', 'Имя', 1, '542', 2, 'name', NULL, 1),
('123', '58', '105', 'Название голосования', 1, '531', 2, 'name', NULL, 1),
('124', '58', '105', 'Активное', 2, '534', 9, 'is_active', NULL, 1),
('125', '58', '105', 'Показать в модуле', 3, '535', 9, 'in_module', NULL, 1),
('126', '58', '105', 'Дата создания голосования', 4, '536', 4, 'create_date', NULL, 1),
('127', '59', '106', 'Вариант ответа', 1, '539', 2, 'name', NULL, 1),
('13', '6', '24', 'Логин', 3, '90', 2, 'name', NULL, 1),
('14', '6', '24', 'Дата регистрации пользователя', 4, '239', 4, 'create_date', NULL, 1),
('145', '67', '250', 'Автор', 1, '1204', 2, 'comment_name', NULL, 1),
('146', '67', '250', 'Дата', 2, '1206', 4, 'comment_date', NULL, 1),
('147', '67', '250', 'Отмодерировано', 3, '1208', 9, 'moderation', NULL, 1),
('148', '67', '250', 'Ссылка', 21, NULL, 10, '-', '443', 0),
('149', '50', '80', '', 5, NULL, 10, 'cache', '5', 0),
('15', '7', '25', 'name', 1, '97', 2, 'name', NULL, 1),
('150', '57', '103', NULL, 3, NULL, 10, 'cache', '5', 0),
('170', '100', '261', 'Заголовок группы', 1, '1312', 2, 'title', NULL, 1),
('171', '100', '261', 'Тип показа баннеров', 2, '1313', 6, 'showing', NULL, 1),
('172', '101', '260', 'Текстовое описание', 1, '1304', 2, 'alt', NULL, 1),
('173', '101', '260', 'Ссылка на сайт', 2, '1303', 2, 'link', NULL, 1),
('2', '2', '20', 'Имя объекта', 1, '64', 2, 'name', NULL, 1),
('20', '9', '27', 'Название справочника', 1, '110', 2, 'name', NULL, 1),
('21', '10', '28', 'Справочник', 1, '112', 7, 'id_reference', NULL, 1),
('22', '10', '28', 'Значение элемента', 2, '113', 1, 'id_reference_element', NULL, 1),
('22.view.main.name', '22.view.main', '22', 'Название типа данных', 1, '86', 2, 'name', NULL, 1),
('23', '10', '28', 'Имя значения', 3, '114', 2, 'value', NULL, 1),
('24', '11', '29', 'Название', 1, '49', 2, 'name', NULL, 1),
('25', '12', '30', 'Группа параметров', 1, '117', 7, 'id_group_system_parameter', NULL, 1),
('26', '12', '30', 'Значение параметра', 2, '119', 2, 'value', NULL, 1),
('27', '12', '30', 'Описание', 3, '120', 2, 'note', NULL, 1),
('28', '13', '31', 'Путь к содержимому домена', 1, '282', 2, 'domain_path', NULL, 1),
('29', '13', '31', 'Доменное имя', 2, '283', 2, 'name', NULL, 1),
('3', '3', '21', 'Объект', 1, '75', 7, 'id_object', NULL, 1),
('30', '13', '31', 'Описание', 3, '284', 2, 'description', NULL, 1),
('31', '15', '33', 'Описание', 1, '31', 2, 'description', NULL, 1),
('32', '16', '34', 'Тип события', 1, '37', 7, 'id_event_type', NULL, 1),
('33', '16', '34', 'E-mail адрес', 2, '42', 2, 'email', NULL, 1),
('34', '16', '34', 'Имя подписчика', 3, '44', 2, 'name', NULL, 1),
('35', '17', '35', 'Название', 1, '51', 2, 'name', NULL, 1),
('36', '17', '35', 'Объект для работы', 2, '245', 7, 'id_object', NULL, 1),
('37', '6', '24', 'Активен', 5, '122', 9, 'active', NULL, 1),
('39', '19', '37', 'Путь к файлу', 1, '135', 2, 'file_path', NULL, 1),
('4', '3', '21', 'Тип свойства', 2, '76', 7, 'id_parameter_type', NULL, 1),
('40', '19', '37', 'Объект', 2, '138', 7, 'id_object', NULL, 1),
('41', '21', '39', 'Название', 1, '130', 2, 'name', NULL, 1),
('42', '22', '40', 'Тип файла', 1, '133', 7, 'id_file_type', NULL, 1),
('43', '22', '40', 'Расширение', 2, '132', 2, 'ext', NULL, 1),
('44', '23', '41', 'Описание', 1, '298', 2, 'caption', NULL, 1),
('45', '23', '41', 'Имя свойства', 2, '299', 2, 'NAME', NULL, 1),
('46', '23', '41', 'Тип свойства', 3, '294', 7, 'ID_PROPERTY_TYPE', NULL, 1),
('47', '23', '41', 'Объект', 4, '295', 7, 'ID_OBJECT', NULL, 1),
('5', '3', '21', 'Виджет', 3, '78', 2, 'widget', NULL, 1),
('6', '3', '21', 'Описание свойства', 4, '79', 2, 'caption', NULL, 1),
('60', '31', '49', 'Тип события', 1, '254', 7, 'id_event_type', NULL, 1),
('6000', '2000', '500', 'Название', 1, '1501', 2, 'name', NULL, 1),
('6001', '2001', '501', 'Файл', 1, '1510', 8, 'file', NULL, 1),
('6002', '2001', '501', 'Название', 16, '1508', 2, 'name', NULL, 1),
('6003', '2000', '500', 'Фото', 20, NULL, 10, '-', '1001', 1),
('6004', '2002', '502', 'Категория', 3, '1514', 7, 'id_news_category', NULL, 1),
('6005', '2002', '502', 'Заголовок', 2, '1517', 2, 'title', NULL, 1),
('6006', '2002', '502', 'Дата', 4, '1516', 4, 'date', NULL, 1),
('6008', '2002', '502', 'Фото', 1, '1519', 8, 'photo', NULL, 1),
('6009', '2002', '502', 'Видимость', 14, '1520', 9, 'is_visible', NULL, 1),
('6010', '2003', '503', 'Название', 1, '1522', 2, 'name', NULL, 1),
('6011', '2003', '503', 'Видимость', 13, '1524', 9, 'is_visible', NULL, 1),
('6012', '2004', '505', 'Спрашивает', 1, '1526', 2, 'user_fio', NULL, 1),
('6014', '2004', '505', 'Дата', 1, '1530', 4, 'ask_date', NULL, 1),
('6015', '2004', '505', 'Вопрос', 1, '1528', 14, 'short_ask', NULL, 1),
('6016', '2004', '505', 'Видимость', 12, '1532', 9, 'is_visible', NULL, 1),
('6017', '2005', '506', 'Отвечающий', 2, '1534', 7, 'id_consultation_answerer', NULL, 1),
('6018', '2005', '506', 'Отвечающий (ручной ввод)', 3, '1535', 2, 'answerer', NULL, 1),
('6019', '2005', '506', 'Дата', 1, '1536', 4, 'answer_date', NULL, 1),
('6020', '2005', '506', 'Ответ', 4, '1538', 3, 'short_answer', NULL, 1),
('6021', '2005', '506', 'IP', 5, '1539', 2, 'ip', NULL, 1),
('6022', '2006', '507', 'ФИО отвечающего', 2, '1547', 2, 'name', NULL, 1),
('6023', '2006', '507', 'e-mail', 3, '1546', 2, 'email', NULL, 1),
('6024', '2006', '507', 'Фото', 1, '1544', 8, 'photo', NULL, 1),
('6025', '2007', '508', 'Описание', 2, '1549', 14, 'description', NULL, 1),
('6026', '2007', '508', 'Специализация', 1, '1551', 2, 'specialization', NULL, 1),
('6027', '2002', '502', 'Комменты', 10, NULL, 10, '-', '250', 0),
('6028', '2004', '505', 'Комменты', 10, NULL, 10, '-', '250', 1),
('6029', '2008', '509', 'Название', 2, '1553', 2, 'name', NULL, 1),
('6030', '2008', '509', 'Наценка (%)', 3, '1557', 1, 'price_markup', NULL, 1),
('6033', '2010', '511', 'Название', 3, '1567', 2, 'name', NULL, 1),
('6036', '2010', '511', 'Розничная цена', 4, '1570', 1, 'retail_price', NULL, 1),
('6037', '2010', '511', 'Изображение', 1, '1576', 8, 'image', NULL, 1),
('6038', '2010', '511', 'Код', 2, '1566', 1, 'code', NULL, 1),
('6039', '2011', '512', 'Дата', 1, '1579', 4, 'ask_date', NULL, 1),
('6040', '2011', '512', 'Спрашивающий', 1, '1580', 2, 'name', NULL, 1),
('6041', '2011', '512', 'Вопрос', 1, '1581', 14, 'question', NULL, 1),
('6043', '2011', '512', 'Видимость', 1, '1585', 9, 'visible', NULL, 1),
('6056', '2016', '517', 'ФИО', 1, '1610', 2, 'fio', NULL, 1),
('6057', '2016', '517', 'Сообщение', 1, '1613', 14, 'message', NULL, 1),
('6058', '2016', '517', 'Дата сообщения', 1, '1614', 4, 'date', NULL, 1),
('6059', '2010', '511', NULL, 5, NULL, 10, '-', '1001', 1),
('6060', '2017', '519', 'ФИО', 2, '1621', 2, 'fio', NULL, 1),
('6061', '2017', '519', 'e-mail', 3, '1623', 2, 'mail', NULL, 1),
('6062', '2017', '519', 'Заказ', 4, '1625', 14, 'offer_text', NULL, 1),
('6063', '2017', '519', 'Обработано', 5, '1627', 9, 'is_process', NULL, 1),
('6064', '2018', '520', 'Фото', 3, '1634', 8, 'image', NULL, 1),
('6065', '2018', '520', 'Ссылка на переход', 2, '1631', 2, 'link', NULL, 1),
('6066', '2018', '520', 'Заголовок', 1, '1632', 2, 'title', NULL, 1),
('6068', '101', '260', 'Видимость', 3, '1309', 9, 'visible', NULL, 1),
('6069', '2019', '521', 'name', 1, '1639', 2, 'name', NULL, 1),
('6070', '2019', '521', 'active', 1, '1642', 9, 'active', NULL, 1),
('6071', '2020', '522', 'Викторина', 1, '1644', 7, 'id_quiz', NULL, 1),
('6072', '2020', '522', 'Текст вопроса', 1, '1646', 3, 'question', NULL, 1),
('6073', '2020', '522', 'Тип ответов', 1, '1647', 6, 'type', NULL, 1),
('6074', '2021', '523', 'Вопрос', 1, '1650', 7, 'id_quiz_question', NULL, 1),
('6075', '2021', '523', 'Текст ответа', 1, '1651', 2, 'answer', NULL, 1),
('6076', '2021', '523', 'Правильный ли ответ', 1, '1652', 9, 'is_right', NULL, 1),
('6077', '2022', '524', 'Викторина', 1, '1655', 7, 'id_quiz', NULL, 1),
('6078', '2022', '524', 'ФИО', 1, '1656', 2, 'name', NULL, 1),
('6079', '2022', '524', 'Дата', 1, '1661', 4, 'create_date', NULL, 1),
('6080', '2008', '509', 'Фото', 1, '1555', 8, 'image', NULL, 1),
('6081', '2017', '519', 'Дата', 1, '1626', 4, 'create_date', NULL, 1),
('6082', '2008', '509', 'Видимость', 4, '1637', 9, 'visible', NULL, 1),
('6083', '2010', '511', 'Видимость', 6, '1663', 9, 'visible', NULL, 1),
('6084', '2023', '525', 'Название', 1, '1667', 2, 'name', NULL, 1),
('6085', '2023', '525', 'Логотип брэнда', 1, '1669', 8, 'image', NULL, 1),
('6086', '2024', '529', 'Название', 1, '1680', 2, 'name', NULL, 1),
('6087', '2025', '530', 'ФИО', 1, '1685', 2, 'name', NULL, 1),
('6088', '2025', '530', 'Дата', 1, '1686', 4, 'create_date', NULL, 1),
('6089', '2025', '530', 'Текст отзыва', 1, '1687', 14, 'review', NULL, 1),
('6090', '2025', '530', 'Видимость на сайте', 1, '1689', 9, 'visible', NULL, 1),
('6091', '2026', '531', 'Текст', 1, '1694', 14, 'text', NULL, 1),
('6092', '2026', '531', 'Дата создания', 1, '1695', 4, 'date', NULL, 1),
('6093', '67', '250', 'Комментарий', 22, '1207', 10, 'comment_text', '1046', 1),
('6094', 'ygin.menu.view.main', 'ygin.menu', 'Видимость', 23, '5', 9, 'visible', NULL, 1),
('61', '31', '49', 'Дата создания события', 2, '256', 4, 'event_create', NULL, 1),
('62', '32', '50', 'E-mail для поля "От"', 1, '259', 2, 'email_from', NULL, 1),
('63', '32', '50', 'Имя отправителя', 2, '260', 2, 'from_name', NULL, 1),
('64', '32', '50', 'HOST', 3, '262', 2, 'host', NULL, 1),
('65', '33', '51', 'Имя задачи', 1, '274', 2, 'name', NULL, 1),
('66', '33', '51', 'Дата последнего запуска', 2, '271', 4, 'last_start_date', NULL, 1),
('67', '33', '51', 'Дата следущего запуска', 3, '272', 4, 'next_start_date', NULL, 1),
('68', '33', '51', 'Количество ошибок', 4, '273', 1, 'failures', NULL, 1),
('69', '33', '51', 'Имя класса задачи', 5, '276', 2, 'class_name', NULL, 1),
('7', '3', '21', 'Имя поля в БД', 5, '80', 2, 'field_name', NULL, 1),
('70', '33', '51', 'Вкл.', 6, '291', 9, 'active', NULL, 1),
('71', '35', '54', 'Код', 1, '312', 2, 'code', NULL, 1),
('72', '35', '54', 'Название', 2, '311', 2, 'name', NULL, 1),
('73', '35', '54', 'Используется ли локализация', 3, '313', 9, 'is_use', NULL, 1),
('79', '13', '31', 'Активен', 4, '304', 9, 'active', NULL, 1),
('8', '3', '21', 'NOT NULL', 6, '84', 9, 'not_null', NULL, 1),
('85', '41', '61', 'Название', 1, '141', 2, 'name', NULL, 1),
('86', '41', '61', 'Видимость', 2, '144', 9, 'visible', NULL, 1),
('87', '41', '61', 'Относится только к этому сайту', 3, '143', 9, 'desc_type', NULL, 1),
('88', '43', '63', 'Объект', 1, '401', 7, 'id_object', NULL, 1),
('89', '43', '63', 'Имя представления', 2, '406', 2, 'name', NULL, 1),
('9', '2', '20', 'Таблица', 0, '67', 2, 'table_name', NULL, 1),
('90', '44', '66', 'Представление', 1, '416', 7, 'id_object_view', NULL, 1),
('91', '44', '66', 'Заголовок колонки', 2, '418', 2, 'caption', NULL, 1),
('92', '44', '66', 'Параметр объекта', 3, '420', 7, 'id_object_parameter', NULL, 1),
('93', '44', '66', 'Тип данных', 4, '421', 7, 'id_data_type', NULL, 1),
('94', '44', '66', 'Имя поля', 5, '422', 2, 'field_name', NULL, 1),
('95', '44', '66', 'Видимость', 6, '424', 9, 'visible', NULL, 1);

-- --------------------------------------------------------
